2025-12-03T14:24:53.889+03:00  INFO 142030 --- [rating_punctuality] [main] c.r.p.r.RatingPunctualityApplication     : Starting RatingPunctualityApplication using Java 21.0.9 with PID 142030 (/home/vladimir/Загрузки/rating_punctuality/target/classes started by vladimir in /home/vladimir/Загрузки/rating_punctuality)
2025-12-03T14:24:53.897+03:00 DEBUG 142030 --- [rating_punctuality] [main] c.r.p.r.RatingPunctualityApplication     : Running with Spring Boot v3.5.6, Spring v6.2.11
2025-12-03T14:24:53.903+03:00  INFO 142030 --- [rating_punctuality] [main] c.r.p.r.RatingPunctualityApplication     : No active profile set, falling back to 1 default profile: "default"
2025-12-03T14:24:55.878+03:00  INFO 142030 --- [rating_punctuality] [main] .s.d.r.c.RepositoryConfigurationDelegate : Bootstrapping Spring Data JPA repositories in DEFAULT mode.
2025-12-03T14:24:56.073+03:00  INFO 142030 --- [rating_punctuality] [main] .s.d.r.c.RepositoryConfigurationDelegate : Finished Spring Data repository scanning in 171 ms. Found 4 JPA repository interfaces.
2025-12-03T14:24:57.417+03:00  INFO 142030 --- [rating_punctuality] [main] o.s.b.w.embedded.tomcat.TomcatWebServer  : Tomcat initialized with port 8080 (http)
2025-12-03T14:24:57.458+03:00  INFO 142030 --- [rating_punctuality] [main] o.apache.catalina.core.StandardService   : Starting service [Tomcat]
2025-12-03T14:24:57.459+03:00  INFO 142030 --- [rating_punctuality] [main] o.apache.catalina.core.StandardEngine    : Starting Servlet engine: [Apache Tomcat/10.1.46]
2025-12-03T14:24:57.574+03:00  INFO 142030 --- [rating_punctuality] [main] o.a.c.c.C.[Tomcat].[localhost].[/]       : Initializing Spring embedded WebApplicationContext
2025-12-03T14:24:57.575+03:00  INFO 142030 --- [rating_punctuality] [main] w.s.c.ServletWebServerApplicationContext : Root WebApplicationContext: initialization completed in 3503 ms
2025-12-03T14:24:57.914+03:00  INFO 142030 --- [rating_punctuality] [main] o.hibernate.jpa.internal.util.LogHelper  : HHH000204: Processing PersistenceUnitInfo [name: default]
2025-12-03T14:24:58.008+03:00  INFO 142030 --- [rating_punctuality] [main] org.hibernate.Version                    : HHH000412: Hibernate ORM core version 6.6.29.Final
2025-12-03T14:24:58.077+03:00  INFO 142030 --- [rating_punctuality] [main] o.h.c.internal.RegionFactoryInitiator    : HHH000026: Second-level cache disabled
2025-12-03T14:24:58.741+03:00  INFO 142030 --- [rating_punctuality] [main] o.s.o.j.p.SpringPersistenceUnitInfo      : No LoadTimeWeaver setup: ignoring JPA class transformer
2025-12-03T14:24:58.894+03:00  INFO 142030 --- [rating_punctuality] [main] com.zaxxer.hikari.HikariDataSource       : HikariPool-1 - Starting...
2025-12-03T14:25:00.626+03:00  WARN 142030 --- [rating_punctuality] [main] o.h.engine.jdbc.spi.SqlExceptionHelper   : SQL Error: 0, SQLState: 3D000
2025-12-03T14:25:00.626+03:00 ERROR 142030 --- [rating_punctuality] [main] o.h.engine.jdbc.spi.SqlExceptionHelper   : FATAL: database "rating_db" does not exist
2025-12-03T14:25:00.628+03:00  WARN 142030 --- [rating_punctuality] [main] o.h.e.j.e.i.JdbcEnvironmentInitiator     : HHH000342: Could not obtain connection to query metadata

org.hibernate.exception.GenericJDBCException: unable to obtain isolated JDBC connection [FATAL: database "rating_db" does not exist] [n/a]
	at org.hibernate.exception.internal.StandardSQLExceptionConverter.convert(StandardSQLExceptionConverter.java:63) ~[hibernate-core-6.6.29.Final.jar:6.6.29.Final]
	at org.hibernate.engine.jdbc.spi.SqlExceptionHelper.convert(SqlExceptionHelper.java:108) ~[hibernate-core-6.6.29.Final.jar:6.6.29.Final]
	at org.hibernate.engine.jdbc.spi.SqlExceptionHelper.convert(SqlExceptionHelper.java:94) ~[hibernate-core-6.6.29.Final.jar:6.6.29.Final]
	at org.hibernate.resource.transaction.backend.jdbc.internal.JdbcIsolationDelegate.delegateWork(JdbcIsolationDelegate.java:116) ~[hibernate-core-6.6.29.Final.jar:6.6.29.Final]
	at org.hibernate.engine.jdbc.env.internal.JdbcEnvironmentInitiator.getJdbcEnvironmentUsingJdbcMetadata(JdbcEnvironmentInitiator.java:334) ~[hibernate-core-6.6.29.Final.jar:6.6.29.Final]
	at org.hibernate.engine.jdbc.env.internal.JdbcEnvironmentInitiator.initiateService(JdbcEnvironmentInitiator.java:129) ~[hibernate-core-6.6.29.Final.jar:6.6.29.Final]
	at org.hibernate.engine.jdbc.env.internal.JdbcEnvironmentInitiator.initiateService(JdbcEnvironmentInitiator.java:81) ~[hibernate-core-6.6.29.Final.jar:6.6.29.Final]
	at org.hibernate.boot.registry.internal.StandardServiceRegistryImpl.initiateService(StandardServiceRegistryImpl.java:130) ~[hibernate-core-6.6.29.Final.jar:6.6.29.Final]
	at org.hibernate.service.internal.AbstractServiceRegistryImpl.createService(AbstractServiceRegistryImpl.java:263) ~[hibernate-core-6.6.29.Final.jar:6.6.29.Final]
	at org.hibernate.service.internal.AbstractServiceRegistryImpl.initializeService(AbstractServiceRegistryImpl.java:238) ~[hibernate-core-6.6.29.Final.jar:6.6.29.Final]
	at org.hibernate.service.internal.AbstractServiceRegistryImpl.getService(AbstractServiceRegistryImpl.java:215) ~[hibernate-core-6.6.29.Final.jar:6.6.29.Final]
	at org.hibernate.boot.model.relational.Database.<init>(Database.java:45) ~[hibernate-core-6.6.29.Final.jar:6.6.29.Final]
	at org.hibernate.boot.internal.InFlightMetadataCollectorImpl.getDatabase(InFlightMetadataCollectorImpl.java:226) ~[hibernate-core-6.6.29.Final.jar:6.6.29.Final]
	at org.hibernate.boot.internal.InFlightMetadataCollectorImpl.<init>(InFlightMetadataCollectorImpl.java:194) ~[hibernate-core-6.6.29.Final.jar:6.6.29.Final]
	at org.hibernate.boot.model.process.spi.MetadataBuildingProcess.complete(MetadataBuildingProcess.java:171) ~[hibernate-core-6.6.29.Final.jar:6.6.29.Final]
	at org.hibernate.jpa.boot.internal.EntityManagerFactoryBuilderImpl.metadata(EntityManagerFactoryBuilderImpl.java:1442) ~[hibernate-core-6.6.29.Final.jar:6.6.29.Final]
	at org.hibernate.jpa.boot.internal.EntityManagerFactoryBuilderImpl.build(EntityManagerFactoryBuilderImpl.java:1513) ~[hibernate-core-6.6.29.Final.jar:6.6.29.Final]
	at org.springframework.orm.jpa.vendor.SpringHibernateJpaPersistenceProvider.createContainerEntityManagerFactory(SpringHibernateJpaPersistenceProvider.java:66) ~[spring-orm-6.2.11.jar:6.2.11]
	at org.springframework.orm.jpa.LocalContainerEntityManagerFactoryBean.createNativeEntityManagerFactory(LocalContainerEntityManagerFactoryBean.java:390) ~[spring-orm-6.2.11.jar:6.2.11]
	at org.springframework.orm.jpa.AbstractEntityManagerFactoryBean.buildNativeEntityManagerFactory(AbstractEntityManagerFactoryBean.java:419) ~[spring-orm-6.2.11.jar:6.2.11]
	at org.springframework.orm.jpa.AbstractEntityManagerFactoryBean.afterPropertiesSet(AbstractEntityManagerFactoryBean.java:400) ~[spring-orm-6.2.11.jar:6.2.11]
	at org.springframework.orm.jpa.LocalContainerEntityManagerFactoryBean.afterPropertiesSet(LocalContainerEntityManagerFactoryBean.java:366) ~[spring-orm-6.2.11.jar:6.2.11]
	at org.springframework.beans.factory.support.AbstractAutowireCapableBeanFactory.invokeInitMethods(AbstractAutowireCapableBeanFactory.java:1873) ~[spring-beans-6.2.11.jar:6.2.11]
	at org.springframework.beans.factory.support.AbstractAutowireCapableBeanFactory.initializeBean(AbstractAutowireCapableBeanFactory.java:1822) ~[spring-beans-6.2.11.jar:6.2.11]
	at org.springframework.beans.factory.support.AbstractAutowireCapableBeanFactory.doCreateBean(AbstractAutowireCapableBeanFactory.java:607) ~[spring-beans-6.2.11.jar:6.2.11]
	at org.springframework.beans.factory.support.AbstractAutowireCapableBeanFactory.createBean(AbstractAutowireCapableBeanFactory.java:529) ~[spring-beans-6.2.11.jar:6.2.11]
	at org.springframework.beans.factory.support.AbstractBeanFactory.lambda$doGetBean$0(AbstractBeanFactory.java:339) ~[spring-beans-6.2.11.jar:6.2.11]
	at org.springframework.beans.factory.support.DefaultSingletonBeanRegistry.getSingleton(DefaultSingletonBeanRegistry.java:373) ~[spring-beans-6.2.11.jar:6.2.11]
	at org.springframework.beans.factory.support.AbstractBeanFactory.doGetBean(AbstractBeanFactory.java:337) ~[spring-beans-6.2.11.jar:6.2.11]
	at org.springframework.beans.factory.support.AbstractBeanFactory.getBean(AbstractBeanFactory.java:202) ~[spring-beans-6.2.11.jar:6.2.11]
	at org.springframework.beans.factory.support.BeanDefinitionValueResolver.resolveReference(BeanDefinitionValueResolver.java:365) ~[spring-beans-6.2.11.jar:6.2.11]
	at org.springframework.beans.factory.support.BeanDefinitionValueResolver.resolveValueIfNecessary(BeanDefinitionValueResolver.java:135) ~[spring-beans-6.2.11.jar:6.2.11]
	at org.springframework.beans.factory.support.ConstructorResolver.resolveConstructorArguments(ConstructorResolver.java:691) ~[spring-beans-6.2.11.jar:6.2.11]
	at org.springframework.beans.factory.support.ConstructorResolver.instantiateUsingFactoryMethod(ConstructorResolver.java:513) ~[spring-beans-6.2.11.jar:6.2.11]
	at org.springframework.beans.factory.support.AbstractAutowireCapableBeanFactory.instantiateUsingFactoryMethod(AbstractAutowireCapableBeanFactory.java:1375) ~[spring-beans-6.2.11.jar:6.2.11]
	at org.springframework.beans.factory.support.AbstractAutowireCapableBeanFactory.createBeanInstance(AbstractAutowireCapableBeanFactory.java:1205) ~[spring-beans-6.2.11.jar:6.2.11]
	at org.springframework.beans.factory.support.AbstractAutowireCapableBeanFactory.doCreateBean(AbstractAutowireCapableBeanFactory.java:569) ~[spring-beans-6.2.11.jar:6.2.11]
	at org.springframework.beans.factory.support.AbstractAutowireCapableBeanFactory.createBean(AbstractAutowireCapableBeanFactory.java:529) ~[spring-beans-6.2.11.jar:6.2.11]
	at org.springframework.beans.factory.support.AbstractBeanFactory.lambda$doGetBean$0(AbstractBeanFactory.java:339) ~[spring-beans-6.2.11.jar:6.2.11]
	at org.springframework.beans.factory.support.DefaultSingletonBeanRegistry.getSingleton(DefaultSingletonBeanRegistry.java:373) ~[spring-beans-6.2.11.jar:6.2.11]
	at org.springframework.beans.factory.support.AbstractBeanFactory.doGetBean(AbstractBeanFactory.java:337) ~[spring-beans-6.2.11.jar:6.2.11]
	at org.springframework.beans.factory.support.AbstractBeanFactory.getBean(AbstractBeanFactory.java:202) ~[spring-beans-6.2.11.jar:6.2.11]
	at org.springframework.beans.factory.support.BeanDefinitionValueResolver.resolveReference(BeanDefinitionValueResolver.java:365) ~[spring-beans-6.2.11.jar:6.2.11]
	at org.springframework.beans.factory.support.BeanDefinitionValueResolver.resolveValueIfNecessary(BeanDefinitionValueResolver.java:135) ~[spring-beans-6.2.11.jar:6.2.11]
	at org.springframework.beans.factory.support.AbstractAutowireCapableBeanFactory.applyPropertyValues(AbstractAutowireCapableBeanFactory.java:1725) ~[spring-beans-6.2.11.jar:6.2.11]
	at org.springframework.beans.factory.support.AbstractAutowireCapableBeanFactory.populateBean(AbstractAutowireCapableBeanFactory.java:1474) ~[spring-beans-6.2.11.jar:6.2.11]
	at org.springframework.beans.factory.support.AbstractAutowireCapableBeanFactory.doCreateBean(AbstractAutowireCapableBeanFactory.java:606) ~[spring-beans-6.2.11.jar:6.2.11]
	at org.springframework.beans.factory.support.AbstractAutowireCapableBeanFactory.createBean(AbstractAutowireCapableBeanFactory.java:529) ~[spring-beans-6.2.11.jar:6.2.11]
	at org.springframework.beans.factory.support.AbstractBeanFactory.lambda$doGetBean$0(AbstractBeanFactory.java:339) ~[spring-beans-6.2.11.jar:6.2.11]
	at org.springframework.beans.factory.support.DefaultSingletonBeanRegistry.getSingleton(DefaultSingletonBeanRegistry.java:373) ~[spring-beans-6.2.11.jar:6.2.11]
	at org.springframework.beans.factory.support.AbstractBeanFactory.doGetBean(AbstractBeanFactory.java:337) ~[spring-beans-6.2.11.jar:6.2.11]
	at org.springframework.beans.factory.support.AbstractBeanFactory.getBean(AbstractBeanFactory.java:202) ~[spring-beans-6.2.11.jar:6.2.11]
	at org.springframework.beans.factory.support.DefaultListableBeanFactory.doResolveDependency(DefaultListableBeanFactory.java:1698) ~[spring-beans-6.2.11.jar:6.2.11]
	at org.springframework.beans.factory.support.DefaultListableBeanFactory.resolveDependency(DefaultListableBeanFactory.java:1643) ~[spring-beans-6.2.11.jar:6.2.11]
	at org.springframework.beans.factory.support.ConstructorResolver.resolveAutowiredArgument(ConstructorResolver.java:913) ~[spring-beans-6.2.11.jar:6.2.11]
	at org.springframework.beans.factory.support.ConstructorResolver.createArgumentArray(ConstructorResolver.java:791) ~[spring-beans-6.2.11.jar:6.2.11]
	at org.springframework.beans.factory.support.ConstructorResolver.autowireConstructor(ConstructorResolver.java:240) ~[spring-beans-6.2.11.jar:6.2.11]
	at org.springframework.beans.factory.support.AbstractAutowireCapableBeanFactory.autowireConstructor(AbstractAutowireCapableBeanFactory.java:1395) ~[spring-beans-6.2.11.jar:6.2.11]
	at org.springframework.beans.factory.support.AbstractAutowireCapableBeanFactory.createBeanInstance(AbstractAutowireCapableBeanFactory.java:1232) ~[spring-beans-6.2.11.jar:6.2.11]
	at org.springframework.beans.factory.support.AbstractAutowireCapableBeanFactory.doCreateBean(AbstractAutowireCapableBeanFactory.java:569) ~[spring-beans-6.2.11.jar:6.2.11]
	at org.springframework.beans.factory.support.AbstractAutowireCapableBeanFactory.createBean(AbstractAutowireCapableBeanFactory.java:529) ~[spring-beans-6.2.11.jar:6.2.11]
	at org.springframework.beans.factory.support.AbstractBeanFactory.lambda$doGetBean$0(AbstractBeanFactory.java:339) ~[spring-beans-6.2.11.jar:6.2.11]
	at org.springframework.beans.factory.support.DefaultSingletonBeanRegistry.getSingleton(DefaultSingletonBeanRegistry.java:373) ~[spring-beans-6.2.11.jar:6.2.11]
	at org.springframework.beans.factory.support.AbstractBeanFactory.doGetBean(AbstractBeanFactory.java:337) ~[spring-beans-6.2.11.jar:6.2.11]
	at org.springframework.beans.factory.support.AbstractBeanFactory.getBean(AbstractBeanFactory.java:202) ~[spring-beans-6.2.11.jar:6.2.11]
	at org.springframework.beans.factory.config.DependencyDescriptor.resolveCandidate(DependencyDescriptor.java:254) ~[spring-beans-6.2.11.jar:6.2.11]
	at org.springframework.beans.factory.support.DefaultListableBeanFactory.doResolveDependency(DefaultListableBeanFactory.java:1760) ~[spring-beans-6.2.11.jar:6.2.11]
	at org.springframework.beans.factory.support.DefaultListableBeanFactory.resolveDependency(DefaultListableBeanFactory.java:1643) ~[spring-beans-6.2.11.jar:6.2.11]
	at org.springframework.beans.factory.support.ConstructorResolver.resolveAutowiredArgument(ConstructorResolver.java:913) ~[spring-beans-6.2.11.jar:6.2.11]
	at org.springframework.beans.factory.support.ConstructorResolver.createArgumentArray(ConstructorResolver.java:791) ~[spring-beans-6.2.11.jar:6.2.11]
	at org.springframework.beans.factory.support.ConstructorResolver.autowireConstructor(ConstructorResolver.java:240) ~[spring-beans-6.2.11.jar:6.2.11]
	at org.springframework.beans.factory.support.AbstractAutowireCapableBeanFactory.autowireConstructor(AbstractAutowireCapableBeanFactory.java:1395) ~[spring-beans-6.2.11.jar:6.2.11]
	at org.springframework.beans.factory.support.AbstractAutowireCapableBeanFactory.createBeanInstance(AbstractAutowireCapableBeanFactory.java:1232) ~[spring-beans-6.2.11.jar:6.2.11]
	at org.springframework.beans.factory.support.AbstractAutowireCapableBeanFactory.doCreateBean(AbstractAutowireCapableBeanFactory.java:569) ~[spring-beans-6.2.11.jar:6.2.11]
	at org.springframework.beans.factory.support.AbstractAutowireCapableBeanFactory.createBean(AbstractAutowireCapableBeanFactory.java:529) ~[spring-beans-6.2.11.jar:6.2.11]
	at org.springframework.beans.factory.support.AbstractBeanFactory.lambda$doGetBean$0(AbstractBeanFactory.java:339) ~[spring-beans-6.2.11.jar:6.2.11]
	at org.springframework.beans.factory.support.DefaultSingletonBeanRegistry.getSingleton(DefaultSingletonBeanRegistry.java:373) ~[spring-beans-6.2.11.jar:6.2.11]
	at org.springframework.beans.factory.support.AbstractBeanFactory.doGetBean(AbstractBeanFactory.java:337) ~[spring-beans-6.2.11.jar:6.2.11]
	at org.springframework.beans.factory.support.AbstractBeanFactory.getBean(AbstractBeanFactory.java:207) ~[spring-beans-6.2.11.jar:6.2.11]
	at org.springframework.boot.web.servlet.ServletContextInitializerBeans.getOrderedBeansOfType(ServletContextInitializerBeans.java:230) ~[spring-boot-3.5.6.jar:3.5.6]
	at org.springframework.boot.web.servlet.ServletContextInitializerBeans.addAsRegistrationBean(ServletContextInitializerBeans.java:184) ~[spring-boot-3.5.6.jar:3.5.6]
	at org.springframework.boot.web.servlet.ServletContextInitializerBeans.addAsRegistrationBean(ServletContextInitializerBeans.java:179) ~[spring-boot-3.5.6.jar:3.5.6]
	at org.springframework.boot.web.servlet.ServletContextInitializerBeans.addAdaptableBeans(ServletContextInitializerBeans.java:164) ~[spring-boot-3.5.6.jar:3.5.6]
	at org.springframework.boot.web.servlet.ServletContextInitializerBeans.<init>(ServletContextInitializerBeans.java:96) ~[spring-boot-3.5.6.jar:3.5.6]
	at org.springframework.boot.web.servlet.context.ServletWebServerApplicationContext.getServletContextInitializerBeans(ServletWebServerApplicationContext.java:271) ~[spring-boot-3.5.6.jar:3.5.6]
	at org.springframework.boot.web.servlet.context.ServletWebServerApplicationContext.selfInitialize(ServletWebServerApplicationContext.java:245) ~[spring-boot-3.5.6.jar:3.5.6]
	at org.springframework.boot.web.embedded.tomcat.TomcatStarter.onStartup(TomcatStarter.java:52) ~[spring-boot-3.5.6.jar:3.5.6]
	at org.apache.catalina.core.StandardContext.startInternal(StandardContext.java:4464) ~[tomcat-embed-core-10.1.46.jar:10.1.46]
	at org.apache.catalina.util.LifecycleBase.start(LifecycleBase.java:164) ~[tomcat-embed-core-10.1.46.jar:10.1.46]
	at org.apache.catalina.core.ContainerBase$StartChild.call(ContainerBase.java:1203) ~[tomcat-embed-core-10.1.46.jar:10.1.46]
	at org.apache.catalina.core.ContainerBase$StartChild.call(ContainerBase.java:1193) ~[tomcat-embed-core-10.1.46.jar:10.1.46]
	at java.base/java.util.concurrent.FutureTask.run(FutureTask.java:317) ~[na:na]
	at org.apache.tomcat.util.threads.InlineExecutorService.execute(InlineExecutorService.java:81) ~[tomcat-embed-core-10.1.46.jar:10.1.46]
	at java.base/java.util.concurrent.AbstractExecutorService.submit(AbstractExecutorService.java:145) ~[na:na]
	at org.apache.catalina.core.ContainerBase.startInternal(ContainerBase.java:749) ~[tomcat-embed-core-10.1.46.jar:10.1.46]
	at org.apache.catalina.core.StandardHost.startInternal(StandardHost.java:773) ~[tomcat-embed-core-10.1.46.jar:10.1.46]
	at org.apache.catalina.util.LifecycleBase.start(LifecycleBase.java:164) ~[tomcat-embed-core-10.1.46.jar:10.1.46]
	at org.apache.catalina.core.ContainerBase$StartChild.call(ContainerBase.java:1203) ~[tomcat-embed-core-10.1.46.jar:10.1.46]
	at org.apache.catalina.core.ContainerBase$StartChild.call(ContainerBase.java:1193) ~[tomcat-embed-core-10.1.46.jar:10.1.46]
	at java.base/java.util.concurrent.FutureTask.run(FutureTask.java:317) ~[na:na]
	at org.apache.tomcat.util.threads.InlineExecutorService.execute(InlineExecutorService.java:81) ~[tomcat-embed-core-10.1.46.jar:10.1.46]
	at java.base/java.util.concurrent.AbstractExecutorService.submit(AbstractExecutorService.java:145) ~[na:na]
	at org.apache.catalina.core.ContainerBase.startInternal(ContainerBase.java:749) ~[tomcat-embed-core-10.1.46.jar:10.1.46]
	at org.apache.catalina.core.StandardEngine.startInternal(StandardEngine.java:203) ~[tomcat-embed-core-10.1.46.jar:10.1.46]
	at org.apache.catalina.util.LifecycleBase.start(LifecycleBase.java:164) ~[tomcat-embed-core-10.1.46.jar:10.1.46]
	at org.apache.catalina.core.StandardService.startInternal(StandardService.java:412) ~[tomcat-embed-core-10.1.46.jar:10.1.46]
	at org.apache.catalina.util.LifecycleBase.start(LifecycleBase.java:164) ~[tomcat-embed-core-10.1.46.jar:10.1.46]
	at org.apache.catalina.core.StandardServer.startInternal(StandardServer.java:870) ~[tomcat-embed-core-10.1.46.jar:10.1.46]
	at org.apache.catalina.util.LifecycleBase.start(LifecycleBase.java:164) ~[tomcat-embed-core-10.1.46.jar:10.1.46]
	at org.apache.catalina.startup.Tomcat.start(Tomcat.java:438) ~[tomcat-embed-core-10.1.46.jar:10.1.46]
	at org.springframework.boot.web.embedded.tomcat.TomcatWebServer.initialize(TomcatWebServer.java:128) ~[spring-boot-3.5.6.jar:3.5.6]
	at org.springframework.boot.web.embedded.tomcat.TomcatWebServer.<init>(TomcatWebServer.java:107) ~[spring-boot-3.5.6.jar:3.5.6]
	at org.springframework.boot.web.embedded.tomcat.TomcatServletWebServerFactory.getTomcatWebServer(TomcatServletWebServerFactory.java:517) ~[spring-boot-3.5.6.jar:3.5.6]
	at org.springframework.boot.web.embedded.tomcat.TomcatServletWebServerFactory.getWebServer(TomcatServletWebServerFactory.java:219) ~[spring-boot-3.5.6.jar:3.5.6]
	at org.springframework.boot.web.servlet.context.ServletWebServerApplicationContext.createWebServer(ServletWebServerApplicationContext.java:193) ~[spring-boot-3.5.6.jar:3.5.6]
	at org.springframework.boot.web.servlet.context.ServletWebServerApplicationContext.onRefresh(ServletWebServerApplicationContext.java:167) ~[spring-boot-3.5.6.jar:3.5.6]
	at org.springframework.context.support.AbstractApplicationContext.refresh(AbstractApplicationContext.java:621) ~[spring-context-6.2.11.jar:6.2.11]
	at org.springframework.boot.web.servlet.context.ServletWebServerApplicationContext.refresh(ServletWebServerApplicationContext.java:146) ~[spring-boot-3.5.6.jar:3.5.6]
	at org.springframework.boot.SpringApplication.refresh(SpringApplication.java:752) ~[spring-boot-3.5.6.jar:3.5.6]
	at org.springframework.boot.SpringApplication.refreshContext(SpringApplication.java:439) ~[spring-boot-3.5.6.jar:3.5.6]
	at org.springframework.boot.SpringApplication.run(SpringApplication.java:318) ~[spring-boot-3.5.6.jar:3.5.6]
	at org.springframework.boot.SpringApplication.run(SpringApplication.java:1361) ~[spring-boot-3.5.6.jar:3.5.6]
	at org.springframework.boot.SpringApplication.run(SpringApplication.java:1350) ~[spring-boot-3.5.6.jar:3.5.6]
	at com.rating.punctuality.rating_punctuality.RatingPunctualityApplication.main(RatingPunctualityApplication.java:10) ~[classes/:na]
Caused by: org.postgresql.util.PSQLException: FATAL: database "rating_db" does not exist
	at org.postgresql.core.v3.QueryExecutorImpl.receiveErrorResponse(QueryExecutorImpl.java:2725) ~[postgresql-42.7.3.jar:42.7.3]
	at org.postgresql.core.v3.QueryExecutorImpl.readStartupMessages(QueryExecutorImpl.java:2837) ~[postgresql-42.7.3.jar:42.7.3]
	at org.postgresql.core.v3.QueryExecutorImpl.<init>(QueryExecutorImpl.java:175) ~[postgresql-42.7.3.jar:42.7.3]
	at org.postgresql.core.v3.ConnectionFactoryImpl.openConnectionImpl(ConnectionFactoryImpl.java:317) ~[postgresql-42.7.3.jar:42.7.3]
	at org.postgresql.core.ConnectionFactory.openConnection(ConnectionFactory.java:54) ~[postgresql-42.7.3.jar:42.7.3]
	at org.postgresql.jdbc.PgConnection.<init>(PgConnection.java:273) ~[postgresql-42.7.3.jar:42.7.3]
	at org.postgresql.Driver.makeConnection(Driver.java:446) ~[postgresql-42.7.3.jar:42.7.3]
	at org.postgresql.Driver.connect(Driver.java:298) ~[postgresql-42.7.3.jar:42.7.3]
	at com.zaxxer.hikari.util.DriverDataSource.getConnection(DriverDataSource.java:144) ~[HikariCP-6.3.3.jar:na]
	at com.zaxxer.hikari.pool.PoolBase.newConnection(PoolBase.java:370) ~[HikariCP-6.3.3.jar:na]
	at com.zaxxer.hikari.pool.PoolBase.newPoolEntry(PoolBase.java:207) ~[HikariCP-6.3.3.jar:na]
	at com.zaxxer.hikari.pool.HikariPool.createPoolEntry(HikariPool.java:488) ~[HikariCP-6.3.3.jar:na]
	at com.zaxxer.hikari.pool.HikariPool.checkFailFast(HikariPool.java:576) ~[HikariCP-6.3.3.jar:na]
	at com.zaxxer.hikari.pool.HikariPool.<init>(HikariPool.java:97) ~[HikariCP-6.3.3.jar:na]
	at com.zaxxer.hikari.HikariDataSource.getConnection(HikariDataSource.java:111) ~[HikariCP-6.3.3.jar:na]
	at org.hibernate.engine.jdbc.connections.internal.DatasourceConnectionProviderImpl.getConnection(DatasourceConnectionProviderImpl.java:126) ~[hibernate-core-6.6.29.Final.jar:6.6.29.Final]
	at org.hibernate.engine.jdbc.env.internal.JdbcEnvironmentInitiator$ConnectionProviderJdbcConnectionAccess.obtainConnection(JdbcEnvironmentInitiator.java:485) ~[hibernate-core-6.6.29.Final.jar:6.6.29.Final]
	at org.hibernate.resource.transaction.backend.jdbc.internal.JdbcIsolationDelegate.delegateWork(JdbcIsolationDelegate.java:61) ~[hibernate-core-6.6.29.Final.jar:6.6.29.Final]
	... 120 common frames omitted

2025-12-03T14:25:00.693+03:00  WARN 142030 --- [rating_punctuality] [main] org.hibernate.orm.deprecation            : HHH90000025: PostgreSQLDialect does not need to be specified explicitly using 'hibernate.dialect' (remove the property setting and it will be selected by default)
2025-12-03T14:25:00.717+03:00  INFO 142030 --- [rating_punctuality] [main] org.hibernate.orm.connections.pooling    : HHH10001005: Database info:
	Database JDBC URL [Connecting through datasource 'HikariDataSource (null)']
	Database driver: undefined/unknown
	Database version: 12.0
	Autocommit mode: undefined/unknown
	Isolation level: undefined/unknown
	Minimum pool size: undefined/unknown
	Maximum pool size: undefined/unknown
2025-12-03T14:25:02.098+03:00  INFO 142030 --- [rating_punctuality] [main] o.h.e.t.j.p.i.JtaPlatformInitiator       : HHH000489: No JTA platform available (set 'hibernate.transaction.jta.platform' to enable JTA platform integration)
2025-12-03T14:25:02.128+03:00  INFO 142030 --- [rating_punctuality] [main] com.zaxxer.hikari.HikariDataSource       : HikariPool-1 - Starting...
2025-12-03T14:25:03.220+03:00  WARN 142030 --- [rating_punctuality] [main] o.h.engine.jdbc.spi.SqlExceptionHelper   : SQL Error: 0, SQLState: 3D000
2025-12-03T14:25:03.221+03:00 ERROR 142030 --- [rating_punctuality] [main] o.h.engine.jdbc.spi.SqlExceptionHelper   : FATAL: database "rating_db" does not exist
2025-12-03T14:25:03.226+03:00 ERROR 142030 --- [rating_punctuality] [main] j.LocalContainerEntityManagerFactoryBean : Failed to initialize JPA EntityManagerFactory: [PersistenceUnit: default] Unable to build Hibernate SessionFactory; nested exception is org.hibernate.exception.GenericJDBCException: Unable to open JDBC Connection for DDL execution [FATAL: database "rating_db" does not exist] [n/a]
2025-12-03T14:25:03.229+03:00 ERROR 142030 --- [rating_punctuality] [main] o.s.b.web.embedded.tomcat.TomcatStarter  : Error starting Tomcat context. Exception: org.springframework.beans.factory.UnsatisfiedDependencyException. Message: Error creating bean with name 'jwtFilter' defined in file [/home/vladimir/Загрузки/rating_punctuality/target/classes/com/rating/punctuality/rating_punctuality/config/JwtFilter.class]: Unsatisfied dependency expressed through constructor parameter 1: Error creating bean with name 'appUserDetailsServiceImpl' defined in file [/home/vladimir/Загрузки/rating_punctuality/target/classes/com/rating/punctuality/rating_punctuality/services/AppUserDetailsServiceImpl.class]: Unsatisfied dependency expressed through constructor parameter 0: Error creating bean with name 'userRepository' defined in com.rating.punctuality.rating_punctuality.repository.UserRepository defined in @EnableJpaRepositories declared on JpaRepositoriesRegistrar.EnableJpaRepositoriesConfiguration: Cannot resolve reference to bean 'jpaSharedEM_entityManagerFactory' while setting bean property 'entityManager'
2025-12-03T14:25:03.283+03:00  INFO 142030 --- [rating_punctuality] [main] o.apache.catalina.core.StandardService   : Stopping service [Tomcat]
2025-12-03T14:25:03.290+03:00  WARN 142030 --- [rating_punctuality] [main] ConfigServletWebServerApplicationContext : Exception encountered during context initialization - cancelling refresh attempt: org.springframework.context.ApplicationContextException: Unable to start web server
2025-12-03T14:25:03.305+03:00  INFO 142030 --- [rating_punctuality] [main] .s.b.a.l.ConditionEvaluationReportLogger : 

Error starting ApplicationContext. To display the condition evaluation report re-run your application with 'debug' enabled.
2025-12-03T14:25:03.329+03:00 ERROR 142030 --- [rating_punctuality] [main] o.s.boot.SpringApplication               : Application run failed

org.springframework.context.ApplicationContextException: Unable to start web server
	at org.springframework.boot.web.servlet.context.ServletWebServerApplicationContext.onRefresh(ServletWebServerApplicationContext.java:170) ~[spring-boot-3.5.6.jar:3.5.6]
	at org.springframework.context.support.AbstractApplicationContext.refresh(AbstractApplicationContext.java:621) ~[spring-context-6.2.11.jar:6.2.11]
	at org.springframework.boot.web.servlet.context.ServletWebServerApplicationContext.refresh(ServletWebServerApplicationContext.java:146) ~[spring-boot-3.5.6.jar:3.5.6]
	at org.springframework.boot.SpringApplication.refresh(SpringApplication.java:752) ~[spring-boot-3.5.6.jar:3.5.6]
	at org.springframework.boot.SpringApplication.refreshContext(SpringApplication.java:439) ~[spring-boot-3.5.6.jar:3.5.6]
	at org.springframework.boot.SpringApplication.run(SpringApplication.java:318) ~[spring-boot-3.5.6.jar:3.5.6]
	at org.springframework.boot.SpringApplication.run(SpringApplication.java:1361) ~[spring-boot-3.5.6.jar:3.5.6]
	at org.springframework.boot.SpringApplication.run(SpringApplication.java:1350) ~[spring-boot-3.5.6.jar:3.5.6]
	at com.rating.punctuality.rating_punctuality.RatingPunctualityApplication.main(RatingPunctualityApplication.java:10) ~[classes/:na]
Caused by: org.springframework.boot.web.server.WebServerException: Unable to start embedded Tomcat
	at org.springframework.boot.web.embedded.tomcat.TomcatWebServer.initialize(TomcatWebServer.java:147) ~[spring-boot-3.5.6.jar:3.5.6]
	at org.springframework.boot.web.embedded.tomcat.TomcatWebServer.<init>(TomcatWebServer.java:107) ~[spring-boot-3.5.6.jar:3.5.6]
	at org.springframework.boot.web.embedded.tomcat.TomcatServletWebServerFactory.getTomcatWebServer(TomcatServletWebServerFactory.java:517) ~[spring-boot-3.5.6.jar:3.5.6]
	at org.springframework.boot.web.embedded.tomcat.TomcatServletWebServerFactory.getWebServer(TomcatServletWebServerFactory.java:219) ~[spring-boot-3.5.6.jar:3.5.6]
	at org.springframework.boot.web.servlet.context.ServletWebServerApplicationContext.createWebServer(ServletWebServerApplicationContext.java:193) ~[spring-boot-3.5.6.jar:3.5.6]
	at org.springframework.boot.web.servlet.context.ServletWebServerApplicationContext.onRefresh(ServletWebServerApplicationContext.java:167) ~[spring-boot-3.5.6.jar:3.5.6]
	... 8 common frames omitted
Caused by: org.springframework.beans.factory.UnsatisfiedDependencyException: Error creating bean with name 'jwtFilter' defined in file [/home/vladimir/Загрузки/rating_punctuality/target/classes/com/rating/punctuality/rating_punctuality/config/JwtFilter.class]: Unsatisfied dependency expressed through constructor parameter 1: Error creating bean with name 'appUserDetailsServiceImpl' defined in file [/home/vladimir/Загрузки/rating_punctuality/target/classes/com/rating/punctuality/rating_punctuality/services/AppUserDetailsServiceImpl.class]: Unsatisfied dependency expressed through constructor parameter 0: Error creating bean with name 'userRepository' defined in com.rating.punctuality.rating_punctuality.repository.UserRepository defined in @EnableJpaRepositories declared on JpaRepositoriesRegistrar.EnableJpaRepositoriesConfiguration: Cannot resolve reference to bean 'jpaSharedEM_entityManagerFactory' while setting bean property 'entityManager'
	at org.springframework.beans.factory.support.ConstructorResolver.createArgumentArray(ConstructorResolver.java:804) ~[spring-beans-6.2.11.jar:6.2.11]
	at org.springframework.beans.factory.support.ConstructorResolver.autowireConstructor(ConstructorResolver.java:240) ~[spring-beans-6.2.11.jar:6.2.11]
	at org.springframework.beans.factory.support.AbstractAutowireCapableBeanFactory.autowireConstructor(AbstractAutowireCapableBeanFactory.java:1395) ~[spring-beans-6.2.11.jar:6.2.11]
	at org.springframework.beans.factory.support.AbstractAutowireCapableBeanFactory.createBeanInstance(AbstractAutowireCapableBeanFactory.java:1232) ~[spring-beans-6.2.11.jar:6.2.11]
	at org.springframework.beans.factory.support.AbstractAutowireCapableBeanFactory.doCreateBean(AbstractAutowireCapableBeanFactory.java:569) ~[spring-beans-6.2.11.jar:6.2.11]
	at org.springframework.beans.factory.support.AbstractAutowireCapableBeanFactory.createBean(AbstractAutowireCapableBeanFactory.java:529) ~[spring-beans-6.2.11.jar:6.2.11]
	at org.springframework.beans.factory.support.AbstractBeanFactory.lambda$doGetBean$0(AbstractBeanFactory.java:339) ~[spring-beans-6.2.11.jar:6.2.11]
	at org.springframework.beans.factory.support.DefaultSingletonBeanRegistry.getSingleton(DefaultSingletonBeanRegistry.java:373) ~[spring-beans-6.2.11.jar:6.2.11]
	at org.springframework.beans.factory.support.AbstractBeanFactory.doGetBean(AbstractBeanFactory.java:337) ~[spring-beans-6.2.11.jar:6.2.11]
	at org.springframework.beans.factory.support.AbstractBeanFactory.getBean(AbstractBeanFactory.java:207) ~[spring-beans-6.2.11.jar:6.2.11]
	at org.springframework.boot.web.servlet.ServletContextInitializerBeans.getOrderedBeansOfType(ServletContextInitializerBeans.java:230) ~[spring-boot-3.5.6.jar:3.5.6]
	at org.springframework.boot.web.servlet.ServletContextInitializerBeans.addAsRegistrationBean(ServletContextInitializerBeans.java:184) ~[spring-boot-3.5.6.jar:3.5.6]
	at org.springframework.boot.web.servlet.ServletContextInitializerBeans.addAsRegistrationBean(ServletContextInitializerBeans.java:179) ~[spring-boot-3.5.6.jar:3.5.6]
	at org.springframework.boot.web.servlet.ServletContextInitializerBeans.addAdaptableBeans(ServletContextInitializerBeans.java:164) ~[spring-boot-3.5.6.jar:3.5.6]
	at org.springframework.boot.web.servlet.ServletContextInitializerBeans.<init>(ServletContextInitializerBeans.java:96) ~[spring-boot-3.5.6.jar:3.5.6]
	at org.springframework.boot.web.servlet.context.ServletWebServerApplicationContext.getServletContextInitializerBeans(ServletWebServerApplicationContext.java:271) ~[spring-boot-3.5.6.jar:3.5.6]
	at org.springframework.boot.web.servlet.context.ServletWebServerApplicationContext.selfInitialize(ServletWebServerApplicationContext.java:245) ~[spring-boot-3.5.6.jar:3.5.6]
	at org.springframework.boot.web.embedded.tomcat.TomcatStarter.onStartup(TomcatStarter.java:52) ~[spring-boot-3.5.6.jar:3.5.6]
	at org.apache.catalina.core.StandardContext.startInternal(StandardContext.java:4464) ~[tomcat-embed-core-10.1.46.jar:10.1.46]
	at org.apache.catalina.util.LifecycleBase.start(LifecycleBase.java:164) ~[tomcat-embed-core-10.1.46.jar:10.1.46]
	at org.apache.catalina.core.ContainerBase$StartChild.call(ContainerBase.java:1203) ~[tomcat-embed-core-10.1.46.jar:10.1.46]
	at org.apache.catalina.core.ContainerBase$StartChild.call(ContainerBase.java:1193) ~[tomcat-embed-core-10.1.46.jar:10.1.46]
	at java.base/java.util.concurrent.FutureTask.run(FutureTask.java:317) ~[na:na]
	at org.apache.tomcat.util.threads.InlineExecutorService.execute(InlineExecutorService.java:81) ~[tomcat-embed-core-10.1.46.jar:10.1.46]
	at java.base/java.util.concurrent.AbstractExecutorService.submit(AbstractExecutorService.java:145) ~[na:na]
	at org.apache.catalina.core.ContainerBase.startInternal(ContainerBase.java:749) ~[tomcat-embed-core-10.1.46.jar:10.1.46]
	at org.apache.catalina.core.StandardHost.startInternal(StandardHost.java:773) ~[tomcat-embed-core-10.1.46.jar:10.1.46]
	at org.apache.catalina.util.LifecycleBase.start(LifecycleBase.java:164) ~[tomcat-embed-core-10.1.46.jar:10.1.46]
	at org.apache.catalina.core.ContainerBase$StartChild.call(ContainerBase.java:1203) ~[tomcat-embed-core-10.1.46.jar:10.1.46]
	at org.apache.catalina.core.ContainerBase$StartChild.call(ContainerBase.java:1193) ~[tomcat-embed-core-10.1.46.jar:10.1.46]
	at java.base/java.util.concurrent.FutureTask.run(FutureTask.java:317) ~[na:na]
	at org.apache.tomcat.util.threads.InlineExecutorService.execute(InlineExecutorService.java:81) ~[tomcat-embed-core-10.1.46.jar:10.1.46]
	at java.base/java.util.concurrent.AbstractExecutorService.submit(AbstractExecutorService.java:145) ~[na:na]
	at org.apache.catalina.core.ContainerBase.startInternal(ContainerBase.java:749) ~[tomcat-embed-core-10.1.46.jar:10.1.46]
	at org.apache.catalina.core.StandardEngine.startInternal(StandardEngine.java:203) ~[tomcat-embed-core-10.1.46.jar:10.1.46]
	at org.apache.catalina.util.LifecycleBase.start(LifecycleBase.java:164) ~[tomcat-embed-core-10.1.46.jar:10.1.46]
	at org.apache.catalina.core.StandardService.startInternal(StandardService.java:412) ~[tomcat-embed-core-10.1.46.jar:10.1.46]
	at org.apache.catalina.util.LifecycleBase.start(LifecycleBase.java:164) ~[tomcat-embed-core-10.1.46.jar:10.1.46]
	at org.apache.catalina.core.StandardServer.startInternal(StandardServer.java:870) ~[tomcat-embed-core-10.1.46.jar:10.1.46]
	at org.apache.catalina.util.LifecycleBase.start(LifecycleBase.java:164) ~[tomcat-embed-core-10.1.46.jar:10.1.46]
	at org.apache.catalina.startup.Tomcat.start(Tomcat.java:438) ~[tomcat-embed-core-10.1.46.jar:10.1.46]
	at org.springframework.boot.web.embedded.tomcat.TomcatWebServer.initialize(TomcatWebServer.java:128) ~[spring-boot-3.5.6.jar:3.5.6]
	... 13 common frames omitted
Caused by: org.springframework.beans.factory.UnsatisfiedDependencyException: Error creating bean with name 'appUserDetailsServiceImpl' defined in file [/home/vladimir/Загрузки/rating_punctuality/target/classes/com/rating/punctuality/rating_punctuality/services/AppUserDetailsServiceImpl.class]: Unsatisfied dependency expressed through constructor parameter 0: Error creating bean with name 'userRepository' defined in com.rating.punctuality.rating_punctuality.repository.UserRepository defined in @EnableJpaRepositories declared on JpaRepositoriesRegistrar.EnableJpaRepositoriesConfiguration: Cannot resolve reference to bean 'jpaSharedEM_entityManagerFactory' while setting bean property 'entityManager'
	at org.springframework.beans.factory.support.ConstructorResolver.createArgumentArray(ConstructorResolver.java:804) ~[spring-beans-6.2.11.jar:6.2.11]
	at org.springframework.beans.factory.support.ConstructorResolver.autowireConstructor(ConstructorResolver.java:240) ~[spring-beans-6.2.11.jar:6.2.11]
	at org.springframework.beans.factory.support.AbstractAutowireCapableBeanFactory.autowireConstructor(AbstractAutowireCapableBeanFactory.java:1395) ~[spring-beans-6.2.11.jar:6.2.11]
	at org.springframework.beans.factory.support.AbstractAutowireCapableBeanFactory.createBeanInstance(AbstractAutowireCapableBeanFactory.java:1232) ~[spring-beans-6.2.11.jar:6.2.11]
	at org.springframework.beans.factory.support.AbstractAutowireCapableBeanFactory.doCreateBean(AbstractAutowireCapableBeanFactory.java:569) ~[spring-beans-6.2.11.jar:6.2.11]
	at org.springframework.beans.factory.support.AbstractAutowireCapableBeanFactory.createBean(AbstractAutowireCapableBeanFactory.java:529) ~[spring-beans-6.2.11.jar:6.2.11]
	at org.springframework.beans.factory.support.AbstractBeanFactory.lambda$doGetBean$0(AbstractBeanFactory.java:339) ~[spring-beans-6.2.11.jar:6.2.11]
	at org.springframework.beans.factory.support.DefaultSingletonBeanRegistry.getSingleton(DefaultSingletonBeanRegistry.java:373) ~[spring-beans-6.2.11.jar:6.2.11]
	at org.springframework.beans.factory.support.AbstractBeanFactory.doGetBean(AbstractBeanFactory.java:337) ~[spring-beans-6.2.11.jar:6.2.11]
	at org.springframework.beans.factory.support.AbstractBeanFactory.getBean(AbstractBeanFactory.java:202) ~[spring-beans-6.2.11.jar:6.2.11]
	at org.springframework.beans.factory.config.DependencyDescriptor.resolveCandidate(DependencyDescriptor.java:254) ~[spring-beans-6.2.11.jar:6.2.11]
	at org.springframework.beans.factory.support.DefaultListableBeanFactory.doResolveDependency(DefaultListableBeanFactory.java:1760) ~[spring-beans-6.2.11.jar:6.2.11]
	at org.springframework.beans.factory.support.DefaultListableBeanFactory.resolveDependency(DefaultListableBeanFactory.java:1643) ~[spring-beans-6.2.11.jar:6.2.11]
	at org.springframework.beans.factory.support.ConstructorResolver.resolveAutowiredArgument(ConstructorResolver.java:913) ~[spring-beans-6.2.11.jar:6.2.11]
	at org.springframework.beans.factory.support.ConstructorResolver.createArgumentArray(ConstructorResolver.java:791) ~[spring-beans-6.2.11.jar:6.2.11]
	... 54 common frames omitted
Caused by: org.springframework.beans.factory.BeanCreationException: Error creating bean with name 'userRepository' defined in com.rating.punctuality.rating_punctuality.repository.UserRepository defined in @EnableJpaRepositories declared on JpaRepositoriesRegistrar.EnableJpaRepositoriesConfiguration: Cannot resolve reference to bean 'jpaSharedEM_entityManagerFactory' while setting bean property 'entityManager'
	at org.springframework.beans.factory.support.BeanDefinitionValueResolver.resolveReference(BeanDefinitionValueResolver.java:377) ~[spring-beans-6.2.11.jar:6.2.11]
	at org.springframework.beans.factory.support.BeanDefinitionValueResolver.resolveValueIfNecessary(BeanDefinitionValueResolver.java:135) ~[spring-beans-6.2.11.jar:6.2.11]
	at org.springframework.beans.factory.support.AbstractAutowireCapableBeanFactory.applyPropertyValues(AbstractAutowireCapableBeanFactory.java:1725) ~[spring-beans-6.2.11.jar:6.2.11]
	at org.springframework.beans.factory.support.AbstractAutowireCapableBeanFactory.populateBean(AbstractAutowireCapableBeanFactory.java:1474) ~[spring-beans-6.2.11.jar:6.2.11]
	at org.springframework.beans.factory.support.AbstractAutowireCapableBeanFactory.doCreateBean(AbstractAutowireCapableBeanFactory.java:606) ~[spring-beans-6.2.11.jar:6.2.11]
	at org.springframework.beans.factory.support.AbstractAutowireCapableBeanFactory.createBean(AbstractAutowireCapableBeanFactory.java:529) ~[spring-beans-6.2.11.jar:6.2.11]
	at org.springframework.beans.factory.support.AbstractBeanFactory.lambda$doGetBean$0(AbstractBeanFactory.java:339) ~[spring-beans-6.2.11.jar:6.2.11]
	at org.springframework.beans.factory.support.DefaultSingletonBeanRegistry.getSingleton(DefaultSingletonBeanRegistry.java:373) ~[spring-beans-6.2.11.jar:6.2.11]
	at org.springframework.beans.factory.support.AbstractBeanFactory.doGetBean(AbstractBeanFactory.java:337) ~[spring-beans-6.2.11.jar:6.2.11]
	at org.springframework.beans.factory.support.AbstractBeanFactory.getBean(AbstractBeanFactory.java:202) ~[spring-beans-6.2.11.jar:6.2.11]
	at org.springframework.beans.factory.support.DefaultListableBeanFactory.doResolveDependency(DefaultListableBeanFactory.java:1698) ~[spring-beans-6.2.11.jar:6.2.11]
	at org.springframework.beans.factory.support.DefaultListableBeanFactory.resolveDependency(DefaultListableBeanFactory.java:1643) ~[spring-beans-6.2.11.jar:6.2.11]
	at org.springframework.beans.factory.support.ConstructorResolver.resolveAutowiredArgument(ConstructorResolver.java:913) ~[spring-beans-6.2.11.jar:6.2.11]
	at org.springframework.beans.factory.support.ConstructorResolver.createArgumentArray(ConstructorResolver.java:791) ~[spring-beans-6.2.11.jar:6.2.11]
	... 68 common frames omitted
Caused by: org.springframework.beans.factory.BeanCreationException: Error creating bean with name 'jpaSharedEM_entityManagerFactory': Cannot resolve reference to bean 'entityManagerFactory' while setting constructor argument
	at org.springframework.beans.factory.support.BeanDefinitionValueResolver.resolveReference(BeanDefinitionValueResolver.java:377) ~[spring-beans-6.2.11.jar:6.2.11]
	at org.springframework.beans.factory.support.BeanDefinitionValueResolver.resolveValueIfNecessary(BeanDefinitionValueResolver.java:135) ~[spring-beans-6.2.11.jar:6.2.11]
	at org.springframework.beans.factory.support.ConstructorResolver.resolveConstructorArguments(ConstructorResolver.java:691) ~[spring-beans-6.2.11.jar:6.2.11]
	at org.springframework.beans.factory.support.ConstructorResolver.instantiateUsingFactoryMethod(ConstructorResolver.java:513) ~[spring-beans-6.2.11.jar:6.2.11]
	at org.springframework.beans.factory.support.AbstractAutowireCapableBeanFactory.instantiateUsingFactoryMethod(AbstractAutowireCapableBeanFactory.java:1375) ~[spring-beans-6.2.11.jar:6.2.11]
	at org.springframework.beans.factory.support.AbstractAutowireCapableBeanFactory.createBeanInstance(AbstractAutowireCapableBeanFactory.java:1205) ~[spring-beans-6.2.11.jar:6.2.11]
	at org.springframework.beans.factory.support.AbstractAutowireCapableBeanFactory.doCreateBean(AbstractAutowireCapableBeanFactory.java:569) ~[spring-beans-6.2.11.jar:6.2.11]
	at org.springframework.beans.factory.support.AbstractAutowireCapableBeanFactory.createBean(AbstractAutowireCapableBeanFactory.java:529) ~[spring-beans-6.2.11.jar:6.2.11]
	at org.springframework.beans.factory.support.AbstractBeanFactory.lambda$doGetBean$0(AbstractBeanFactory.java:339) ~[spring-beans-6.2.11.jar:6.2.11]
	at org.springframework.beans.factory.support.DefaultSingletonBeanRegistry.getSingleton(DefaultSingletonBeanRegistry.java:373) ~[spring-beans-6.2.11.jar:6.2.11]
	at org.springframework.beans.factory.support.AbstractBeanFactory.doGetBean(AbstractBeanFactory.java:337) ~[spring-beans-6.2.11.jar:6.2.11]
	at org.springframework.beans.factory.support.AbstractBeanFactory.getBean(AbstractBeanFactory.java:202) ~[spring-beans-6.2.11.jar:6.2.11]
	at org.springframework.beans.factory.support.BeanDefinitionValueResolver.resolveReference(BeanDefinitionValueResolver.java:365) ~[spring-beans-6.2.11.jar:6.2.11]
	... 81 common frames omitted
Caused by: org.springframework.beans.factory.BeanCreationException: Error creating bean with name 'entityManagerFactory' defined in class path resource [org/springframework/boot/autoconfigure/orm/jpa/HibernateJpaConfiguration.class]: [PersistenceUnit: default] Unable to build Hibernate SessionFactory; nested exception is org.hibernate.exception.GenericJDBCException: Unable to open JDBC Connection for DDL execution [FATAL: database "rating_db" does not exist] [n/a]
	at org.springframework.beans.factory.support.AbstractAutowireCapableBeanFactory.initializeBean(AbstractAutowireCapableBeanFactory.java:1826) ~[spring-beans-6.2.11.jar:6.2.11]
	at org.springframework.beans.factory.support.AbstractAutowireCapableBeanFactory.doCreateBean(AbstractAutowireCapableBeanFactory.java:607) ~[spring-beans-6.2.11.jar:6.2.11]
	at org.springframework.beans.factory.support.AbstractAutowireCapableBeanFactory.createBean(AbstractAutowireCapableBeanFactory.java:529) ~[spring-beans-6.2.11.jar:6.2.11]
	at org.springframework.beans.factory.support.AbstractBeanFactory.lambda$doGetBean$0(AbstractBeanFactory.java:339) ~[spring-beans-6.2.11.jar:6.2.11]
	at org.springframework.beans.factory.support.DefaultSingletonBeanRegistry.getSingleton(DefaultSingletonBeanRegistry.java:373) ~[spring-beans-6.2.11.jar:6.2.11]
	at org.springframework.beans.factory.support.AbstractBeanFactory.doGetBean(AbstractBeanFactory.java:337) ~[spring-beans-6.2.11.jar:6.2.11]
	at org.springframework.beans.factory.support.AbstractBeanFactory.getBean(AbstractBeanFactory.java:202) ~[spring-beans-6.2.11.jar:6.2.11]
	at org.springframework.beans.factory.support.BeanDefinitionValueResolver.resolveReference(BeanDefinitionValueResolver.java:365) ~[spring-beans-6.2.11.jar:6.2.11]
	... 93 common frames omitted
Caused by: jakarta.persistence.PersistenceException: [PersistenceUnit: default] Unable to build Hibernate SessionFactory; nested exception is org.hibernate.exception.GenericJDBCException: Unable to open JDBC Connection for DDL execution [FATAL: database "rating_db" does not exist] [n/a]
	at org.springframework.orm.jpa.AbstractEntityManagerFactoryBean.buildNativeEntityManagerFactory(AbstractEntityManagerFactoryBean.java:431) ~[spring-orm-6.2.11.jar:6.2.11]
	at org.springframework.orm.jpa.AbstractEntityManagerFactoryBean.afterPropertiesSet(AbstractEntityManagerFactoryBean.java:400) ~[spring-orm-6.2.11.jar:6.2.11]
	at org.springframework.orm.jpa.LocalContainerEntityManagerFactoryBean.afterPropertiesSet(LocalContainerEntityManagerFactoryBean.java:366) ~[spring-orm-6.2.11.jar:6.2.11]
	at org.springframework.beans.factory.support.AbstractAutowireCapableBeanFactory.invokeInitMethods(AbstractAutowireCapableBeanFactory.java:1873) ~[spring-beans-6.2.11.jar:6.2.11]
	at org.springframework.beans.factory.support.AbstractAutowireCapableBeanFactory.initializeBean(AbstractAutowireCapableBeanFactory.java:1822) ~[spring-beans-6.2.11.jar:6.2.11]
	... 100 common frames omitted
Caused by: org.hibernate.exception.GenericJDBCException: Unable to open JDBC Connection for DDL execution [FATAL: database "rating_db" does not exist] [n/a]
	at org.hibernate.exception.internal.StandardSQLExceptionConverter.convert(StandardSQLExceptionConverter.java:63) ~[hibernate-core-6.6.29.Final.jar:6.6.29.Final]
	at org.hibernate.engine.jdbc.spi.SqlExceptionHelper.convert(SqlExceptionHelper.java:108) ~[hibernate-core-6.6.29.Final.jar:6.6.29.Final]
	at org.hibernate.engine.jdbc.spi.SqlExceptionHelper.convert(SqlExceptionHelper.java:94) ~[hibernate-core-6.6.29.Final.jar:6.6.29.Final]
	at org.hibernate.resource.transaction.backend.jdbc.internal.DdlTransactionIsolatorNonJtaImpl.getIsolatedConnection(DdlTransactionIsolatorNonJtaImpl.java:74) ~[hibernate-core-6.6.29.Final.jar:6.6.29.Final]
	at org.hibernate.resource.transaction.backend.jdbc.internal.DdlTransactionIsolatorNonJtaImpl.getIsolatedConnection(DdlTransactionIsolatorNonJtaImpl.java:39) ~[hibernate-core-6.6.29.Final.jar:6.6.29.Final]
	at org.hibernate.tool.schema.internal.exec.ImprovedExtractionContextImpl.getJdbcConnection(ImprovedExtractionContextImpl.java:63) ~[hibernate-core-6.6.29.Final.jar:6.6.29.Final]
	at org.hibernate.tool.schema.extract.spi.ExtractionContext.getQueryResults(ExtractionContext.java:43) ~[hibernate-core-6.6.29.Final.jar:6.6.29.Final]
	at org.hibernate.tool.schema.extract.internal.SequenceInformationExtractorLegacyImpl.extractMetadata(SequenceInformationExtractorLegacyImpl.java:39) ~[hibernate-core-6.6.29.Final.jar:6.6.29.Final]
	at org.hibernate.tool.schema.extract.internal.DatabaseInformationImpl.initializeSequences(DatabaseInformationImpl.java:66) ~[hibernate-core-6.6.29.Final.jar:6.6.29.Final]
	at org.hibernate.tool.schema.extract.internal.DatabaseInformationImpl.<init>(DatabaseInformationImpl.java:60) ~[hibernate-core-6.6.29.Final.jar:6.6.29.Final]
	at org.hibernate.tool.schema.internal.Helper.buildDatabaseInformation(Helper.java:185) ~[hibernate-core-6.6.29.Final.jar:6.6.29.Final]
	at org.hibernate.tool.schema.internal.AbstractSchemaMigrator.doMigration(AbstractSchemaMigrator.java:93) ~[hibernate-core-6.6.29.Final.jar:6.6.29.Final]
	at org.hibernate.tool.schema.spi.SchemaManagementToolCoordinator.performDatabaseAction(SchemaManagementToolCoordinator.java:280) ~[hibernate-core-6.6.29.Final.jar:6.6.29.Final]
	at org.hibernate.tool.schema.spi.SchemaManagementToolCoordinator.lambda$process$5(SchemaManagementToolCoordinator.java:144) ~[hibernate-core-6.6.29.Final.jar:6.6.29.Final]
	at java.base/java.util.HashMap.forEach(HashMap.java:1429) ~[na:na]
	at org.hibernate.tool.schema.spi.SchemaManagementToolCoordinator.process(SchemaManagementToolCoordinator.java:141) ~[hibernate-core-6.6.29.Final.jar:6.6.29.Final]
	at org.hibernate.boot.internal.SessionFactoryObserverForSchemaExport.sessionFactoryCreated(SessionFactoryObserverForSchemaExport.java:37) ~[hibernate-core-6.6.29.Final.jar:6.6.29.Final]
	at org.hibernate.internal.SessionFactoryObserverChain.sessionFactoryCreated(SessionFactoryObserverChain.java:35) ~[hibernate-core-6.6.29.Final.jar:6.6.29.Final]
	at org.hibernate.internal.SessionFactoryImpl.<init>(SessionFactoryImpl.java:324) ~[hibernate-core-6.6.29.Final.jar:6.6.29.Final]
	at org.hibernate.boot.internal.SessionFactoryBuilderImpl.build(SessionFactoryBuilderImpl.java:463) ~[hibernate-core-6.6.29.Final.jar:6.6.29.Final]
	at org.hibernate.jpa.boot.internal.EntityManagerFactoryBuilderImpl.build(EntityManagerFactoryBuilderImpl.java:1517) ~[hibernate-core-6.6.29.Final.jar:6.6.29.Final]
	at org.springframework.orm.jpa.vendor.SpringHibernateJpaPersistenceProvider.createContainerEntityManagerFactory(SpringHibernateJpaPersistenceProvider.java:66) ~[spring-orm-6.2.11.jar:6.2.11]
	at org.springframework.orm.jpa.LocalContainerEntityManagerFactoryBean.createNativeEntityManagerFactory(LocalContainerEntityManagerFactoryBean.java:390) ~[spring-orm-6.2.11.jar:6.2.11]
	at org.springframework.orm.jpa.AbstractEntityManagerFactoryBean.buildNativeEntityManagerFactory(AbstractEntityManagerFactoryBean.java:419) ~[spring-orm-6.2.11.jar:6.2.11]
	... 104 common frames omitted
Caused by: org.postgresql.util.PSQLException: FATAL: database "rating_db" does not exist
	at org.postgresql.core.v3.QueryExecutorImpl.receiveErrorResponse(QueryExecutorImpl.java:2725) ~[postgresql-42.7.3.jar:42.7.3]
	at org.postgresql.core.v3.QueryExecutorImpl.readStartupMessages(QueryExecutorImpl.java:2837) ~[postgresql-42.7.3.jar:42.7.3]
	at org.postgresql.core.v3.QueryExecutorImpl.<init>(QueryExecutorImpl.java:175) ~[postgresql-42.7.3.jar:42.7.3]
	at org.postgresql.core.v3.ConnectionFactoryImpl.openConnectionImpl(ConnectionFactoryImpl.java:317) ~[postgresql-42.7.3.jar:42.7.3]
	at org.postgresql.core.ConnectionFactory.openConnection(ConnectionFactory.java:54) ~[postgresql-42.7.3.jar:42.7.3]
	at org.postgresql.jdbc.PgConnection.<init>(PgConnection.java:273) ~[postgresql-42.7.3.jar:42.7.3]
	at org.postgresql.Driver.makeConnection(Driver.java:446) ~[postgresql-42.7.3.jar:42.7.3]
	at org.postgresql.Driver.connect(Driver.java:298) ~[postgresql-42.7.3.jar:42.7.3]
	at com.zaxxer.hikari.util.DriverDataSource.getConnection(DriverDataSource.java:144) ~[HikariCP-6.3.3.jar:na]
	at com.zaxxer.hikari.pool.PoolBase.newConnection(PoolBase.java:370) ~[HikariCP-6.3.3.jar:na]
	at com.zaxxer.hikari.pool.PoolBase.newPoolEntry(PoolBase.java:207) ~[HikariCP-6.3.3.jar:na]
	at com.zaxxer.hikari.pool.HikariPool.createPoolEntry(HikariPool.java:488) ~[HikariCP-6.3.3.jar:na]
	at com.zaxxer.hikari.pool.HikariPool.checkFailFast(HikariPool.java:576) ~[HikariCP-6.3.3.jar:na]
	at com.zaxxer.hikari.pool.HikariPool.<init>(HikariPool.java:97) ~[HikariCP-6.3.3.jar:na]
	at com.zaxxer.hikari.HikariDataSource.getConnection(HikariDataSource.java:111) ~[HikariCP-6.3.3.jar:na]
	at org.hibernate.engine.jdbc.connections.internal.DatasourceConnectionProviderImpl.getConnection(DatasourceConnectionProviderImpl.java:126) ~[hibernate-core-6.6.29.Final.jar:6.6.29.Final]
	at org.hibernate.engine.jdbc.env.internal.JdbcEnvironmentInitiator$ConnectionProviderJdbcConnectionAccess.obtainConnection(JdbcEnvironmentInitiator.java:485) ~[hibernate-core-6.6.29.Final.jar:6.6.29.Final]
	at org.hibernate.resource.transaction.backend.jdbc.internal.DdlTransactionIsolatorNonJtaImpl.getIsolatedConnection(DdlTransactionIsolatorNonJtaImpl.java:46) ~[hibernate-core-6.6.29.Final.jar:6.6.29.Final]
	... 124 common frames omitted

2025-12-03T14:26:32.196+03:00  INFO 144909 --- [rating_punctuality] [main] c.r.p.r.RatingPunctualityApplication     : Starting RatingPunctualityApplication using Java 21.0.9 with PID 144909 (/home/vladimir/Загрузки/rating_punctuality/target/classes started by vladimir in /home/vladimir/Загрузки/rating_punctuality)
2025-12-03T14:26:32.199+03:00 DEBUG 144909 --- [rating_punctuality] [main] c.r.p.r.RatingPunctualityApplication     : Running with Spring Boot v3.5.6, Spring v6.2.11
2025-12-03T14:26:32.201+03:00  INFO 144909 --- [rating_punctuality] [main] c.r.p.r.RatingPunctualityApplication     : No active profile set, falling back to 1 default profile: "default"
2025-12-03T14:26:34.748+03:00  INFO 144909 --- [rating_punctuality] [main] .s.d.r.c.RepositoryConfigurationDelegate : Bootstrapping Spring Data JPA repositories in DEFAULT mode.
2025-12-03T14:26:34.991+03:00  INFO 144909 --- [rating_punctuality] [main] .s.d.r.c.RepositoryConfigurationDelegate : Finished Spring Data repository scanning in 203 ms. Found 4 JPA repository interfaces.
2025-12-03T14:26:36.249+03:00  INFO 144909 --- [rating_punctuality] [main] o.s.b.w.embedded.tomcat.TomcatWebServer  : Tomcat initialized with port 8080 (http)
2025-12-03T14:26:36.293+03:00  INFO 144909 --- [rating_punctuality] [main] o.apache.catalina.core.StandardService   : Starting service [Tomcat]
2025-12-03T14:26:36.293+03:00  INFO 144909 --- [rating_punctuality] [main] o.apache.catalina.core.StandardEngine    : Starting Servlet engine: [Apache Tomcat/10.1.46]
2025-12-03T14:26:36.387+03:00  INFO 144909 --- [rating_punctuality] [main] o.a.c.c.C.[Tomcat].[localhost].[/]       : Initializing Spring embedded WebApplicationContext
2025-12-03T14:26:36.388+03:00  INFO 144909 --- [rating_punctuality] [main] w.s.c.ServletWebServerApplicationContext : Root WebApplicationContext: initialization completed in 4082 ms
2025-12-03T14:26:36.629+03:00  INFO 144909 --- [rating_punctuality] [main] o.hibernate.jpa.internal.util.LogHelper  : HHH000204: Processing PersistenceUnitInfo [name: default]
2025-12-03T14:26:36.737+03:00  INFO 144909 --- [rating_punctuality] [main] org.hibernate.Version                    : HHH000412: Hibernate ORM core version 6.6.29.Final
2025-12-03T14:26:36.815+03:00  INFO 144909 --- [rating_punctuality] [main] o.h.c.internal.RegionFactoryInitiator    : HHH000026: Second-level cache disabled
2025-12-03T14:26:37.274+03:00  INFO 144909 --- [rating_punctuality] [main] o.s.o.j.p.SpringPersistenceUnitInfo      : No LoadTimeWeaver setup: ignoring JPA class transformer
2025-12-03T14:26:37.322+03:00  INFO 144909 --- [rating_punctuality] [main] com.zaxxer.hikari.HikariDataSource       : HikariPool-1 - Starting...
2025-12-03T14:26:37.796+03:00  INFO 144909 --- [rating_punctuality] [main] com.zaxxer.hikari.pool.HikariPool        : HikariPool-1 - Added connection org.postgresql.jdbc.PgConnection@24fc2c80
2025-12-03T14:26:37.798+03:00  INFO 144909 --- [rating_punctuality] [main] com.zaxxer.hikari.HikariDataSource       : HikariPool-1 - Start completed.
2025-12-03T14:26:37.852+03:00  WARN 144909 --- [rating_punctuality] [main] org.hibernate.orm.deprecation            : HHH90000025: PostgreSQLDialect does not need to be specified explicitly using 'hibernate.dialect' (remove the property setting and it will be selected by default)
2025-12-03T14:26:37.885+03:00  INFO 144909 --- [rating_punctuality] [main] org.hibernate.orm.connections.pooling    : HHH10001005: Database info:
	Database JDBC URL [Connecting through datasource 'HikariDataSource (HikariPool-1)']
	Database driver: undefined/unknown
	Database version: 16.10
	Autocommit mode: undefined/unknown
	Isolation level: undefined/unknown
	Minimum pool size: undefined/unknown
	Maximum pool size: undefined/unknown
2025-12-03T14:26:39.661+03:00  INFO 144909 --- [rating_punctuality] [main] o.h.e.t.j.p.i.JtaPlatformInitiator       : HHH000489: No JTA platform available (set 'hibernate.transaction.jta.platform' to enable JTA platform integration)
2025-12-03T14:26:44.956+03:00  WARN 144909 --- [rating_punctuality] [main] o.h.engine.jdbc.spi.SqlExceptionHelper   : SQL Warning Code: 0, SQLState: 00000
2025-12-03T14:26:44.956+03:00  WARN 144909 --- [rating_punctuality] [main] o.h.engine.jdbc.spi.SqlExceptionHelper   : constraint "uk6dotkott2kjsp8vw4d0m25fb7" of relation "users" does not exist, skipping
2025-12-03T14:26:44.963+03:00  WARN 144909 --- [rating_punctuality] [main] o.h.engine.jdbc.spi.SqlExceptionHelper   : SQL Warning Code: 0, SQLState: 00000
2025-12-03T14:26:44.964+03:00  WARN 144909 --- [rating_punctuality] [main] o.h.engine.jdbc.spi.SqlExceptionHelper   : constraint "ukr43af9ap4edm43mmtq01oddj6" of relation "users" does not exist, skipping
2025-12-03T14:26:44.983+03:00  INFO 144909 --- [rating_punctuality] [main] j.LocalContainerEntityManagerFactoryBean : Initialized JPA EntityManagerFactory for persistence unit 'default'
2025-12-03T14:26:45.493+03:00 DEBUG 144909 --- [rating_punctuality] [main] c.r.p.r.config.JwtFilter                 : Filter 'jwtFilter' configured for use
2025-12-03T14:26:45.757+03:00  INFO 144909 --- [rating_punctuality] [main] r$InitializeUserDetailsManagerConfigurer : Global AuthenticationManager configured with UserDetailsService bean with name appUserDetailsServiceImpl
2025-12-03T14:26:45.959+03:00  WARN 144909 --- [rating_punctuality] [main] JpaBaseConfiguration$JpaWebConfiguration : spring.jpa.open-in-view is enabled by default. Therefore, database queries may be performed during view rendering. Explicitly configure spring.jpa.open-in-view to disable this warning
2025-12-03T14:26:46.471+03:00  INFO 144909 --- [rating_punctuality] [main] c.r.p.r.config.AppSecurityConfig         : SecurityFilterChain настроен для JWT
2025-12-03T14:26:46.516+03:00 DEBUG 144909 --- [rating_punctuality] [main] o.s.s.web.DefaultSecurityFilterChain     : Will secure any request with filters: DisableEncodeUrlFilter, WebAsyncManagerIntegrationFilter, SecurityContextHolderFilter, HeaderWriterFilter, LogoutFilter, JwtFilter, RequestCacheAwareFilter, SecurityContextHolderAwareRequestFilter, AnonymousAuthenticationFilter, SessionManagementFilter, ExceptionTranslationFilter, AuthorizationFilter
2025-12-03T14:26:47.016+03:00  INFO 144909 --- [rating_punctuality] [main] o.s.b.w.embedded.tomcat.TomcatWebServer  : Tomcat started on port 8080 (http) with context path '/'
2025-12-03T14:26:47.043+03:00  INFO 144909 --- [rating_punctuality] [main] c.r.p.r.RatingPunctualityApplication     : Started RatingPunctualityApplication in 16.176 seconds (process running for 17.177)
2025-12-03T14:26:47.055+03:00  INFO 144909 --- [rating_punctuality] [main] c.r.p.r.config.LocalDateInitializer      : === ВЫПОЛНЕНИЕ ПРЕДВАРИТЕЛЬНЫХ ОПЕРАЦИЙ С БАЗОЙ ===
2025-12-03T14:26:47.056+03:00  INFO 144909 --- [rating_punctuality] [main] c.r.p.r.config.LocalDateInitializer      : Начало экспорта данных...
2025-12-03T14:26:47.851+03:00  INFO 144909 --- [rating_punctuality] [main] c.r.p.r.config.LocalDateInitializer      : Файлы сохранены: directions.json и airline_punctuality.json
2025-12-03T14:26:47.852+03:00  INFO 144909 --- [rating_punctuality] [main] c.r.p.r.config.LocalDateInitializer      : Экспорт завершен. Записей в direction: 309. Записей в punctuality: 4
2025-12-03T14:26:47.852+03:00  INFO 144909 --- [rating_punctuality] [main] c.r.p.r.config.LocalDateInitializer      : === ПРЕДВАРИТЕЛЬНЫЕ ОПЕРАЦИИ ЗАВЕРШЕНЫ ===
2025-12-03T14:34:50.556+03:00  INFO 144909 --- [rating_punctuality] [SpringApplicationShutdownHook] o.s.b.w.e.tomcat.GracefulShutdown        : Commencing graceful shutdown. Waiting for active requests to complete
2025-12-03T14:34:50.575+03:00  INFO 144909 --- [rating_punctuality] [tomcat-shutdown] o.s.b.w.e.tomcat.GracefulShutdown        : Graceful shutdown complete
2025-12-03T14:34:50.610+03:00  INFO 144909 --- [rating_punctuality] [SpringApplicationShutdownHook] j.LocalContainerEntityManagerFactoryBean : Closing JPA EntityManagerFactory for persistence unit 'default'
2025-12-03T14:34:50.632+03:00  INFO 144909 --- [rating_punctuality] [SpringApplicationShutdownHook] com.zaxxer.hikari.HikariDataSource       : HikariPool-1 - Shutdown initiated...
2025-12-03T14:34:50.713+03:00  INFO 144909 --- [rating_punctuality] [SpringApplicationShutdownHook] com.zaxxer.hikari.HikariDataSource       : HikariPool-1 - Shutdown completed.
2025-12-03T14:34:53.174+03:00  INFO 159072 --- [rating_punctuality] [main] c.r.p.r.RatingPunctualityApplication     : Starting RatingPunctualityApplication using Java 21.0.9 with PID 159072 (/home/vladimir/Загрузки/rating_punctuality/target/classes started by vladimir in /home/vladimir/Загрузки/rating_punctuality)
2025-12-03T14:34:53.180+03:00 DEBUG 159072 --- [rating_punctuality] [main] c.r.p.r.RatingPunctualityApplication     : Running with Spring Boot v3.5.6, Spring v6.2.11
2025-12-03T14:34:53.182+03:00  INFO 159072 --- [rating_punctuality] [main] c.r.p.r.RatingPunctualityApplication     : No active profile set, falling back to 1 default profile: "default"
2025-12-03T14:34:55.929+03:00  INFO 159072 --- [rating_punctuality] [main] .s.d.r.c.RepositoryConfigurationDelegate : Bootstrapping Spring Data JPA repositories in DEFAULT mode.
2025-12-03T14:34:56.080+03:00  INFO 159072 --- [rating_punctuality] [main] .s.d.r.c.RepositoryConfigurationDelegate : Finished Spring Data repository scanning in 134 ms. Found 4 JPA repository interfaces.
2025-12-03T14:34:58.073+03:00  INFO 159072 --- [rating_punctuality] [main] o.s.b.w.embedded.tomcat.TomcatWebServer  : Tomcat initialized with port 8080 (http)
2025-12-03T14:34:58.126+03:00  INFO 159072 --- [rating_punctuality] [main] o.apache.catalina.core.StandardService   : Starting service [Tomcat]
2025-12-03T14:34:58.128+03:00  INFO 159072 --- [rating_punctuality] [main] o.apache.catalina.core.StandardEngine    : Starting Servlet engine: [Apache Tomcat/10.1.46]
2025-12-03T14:34:58.276+03:00  INFO 159072 --- [rating_punctuality] [main] o.a.c.c.C.[Tomcat].[localhost].[/]       : Initializing Spring embedded WebApplicationContext
2025-12-03T14:34:58.277+03:00  INFO 159072 --- [rating_punctuality] [main] w.s.c.ServletWebServerApplicationContext : Root WebApplicationContext: initialization completed in 4989 ms
2025-12-03T14:34:58.765+03:00  INFO 159072 --- [rating_punctuality] [main] o.hibernate.jpa.internal.util.LogHelper  : HHH000204: Processing PersistenceUnitInfo [name: default]
2025-12-03T14:34:59.035+03:00  INFO 159072 --- [rating_punctuality] [main] org.hibernate.Version                    : HHH000412: Hibernate ORM core version 6.6.29.Final
2025-12-03T14:34:59.216+03:00  INFO 159072 --- [rating_punctuality] [main] o.h.c.internal.RegionFactoryInitiator    : HHH000026: Second-level cache disabled
2025-12-03T14:34:59.852+03:00  INFO 159072 --- [rating_punctuality] [main] o.s.o.j.p.SpringPersistenceUnitInfo      : No LoadTimeWeaver setup: ignoring JPA class transformer
2025-12-03T14:34:59.921+03:00  INFO 159072 --- [rating_punctuality] [main] com.zaxxer.hikari.HikariDataSource       : HikariPool-1 - Starting...
2025-12-03T14:35:00.555+03:00  INFO 159072 --- [rating_punctuality] [main] com.zaxxer.hikari.pool.HikariPool        : HikariPool-1 - Added connection org.postgresql.jdbc.PgConnection@5ee6fdc4
2025-12-03T14:35:00.558+03:00  INFO 159072 --- [rating_punctuality] [main] com.zaxxer.hikari.HikariDataSource       : HikariPool-1 - Start completed.
2025-12-03T14:35:00.632+03:00  WARN 159072 --- [rating_punctuality] [main] org.hibernate.orm.deprecation            : HHH90000025: PostgreSQLDialect does not need to be specified explicitly using 'hibernate.dialect' (remove the property setting and it will be selected by default)
2025-12-03T14:35:00.684+03:00  INFO 159072 --- [rating_punctuality] [main] org.hibernate.orm.connections.pooling    : HHH10001005: Database info:
	Database JDBC URL [Connecting through datasource 'HikariDataSource (HikariPool-1)']
	Database driver: undefined/unknown
	Database version: 16.10
	Autocommit mode: undefined/unknown
	Isolation level: undefined/unknown
	Minimum pool size: undefined/unknown
	Maximum pool size: undefined/unknown
2025-12-03T14:35:02.560+03:00  INFO 159072 --- [rating_punctuality] [main] o.h.e.t.j.p.i.JtaPlatformInitiator       : HHH000489: No JTA platform available (set 'hibernate.transaction.jta.platform' to enable JTA platform integration)
2025-12-03T14:35:02.728+03:00  INFO 159072 --- [rating_punctuality] [main] j.LocalContainerEntityManagerFactoryBean : Initialized JPA EntityManagerFactory for persistence unit 'default'
2025-12-03T14:35:03.313+03:00 DEBUG 159072 --- [rating_punctuality] [main] c.r.p.r.config.JwtFilter                 : Filter 'jwtFilter' configured for use
2025-12-03T14:35:03.511+03:00  INFO 159072 --- [rating_punctuality] [main] r$InitializeUserDetailsManagerConfigurer : Global AuthenticationManager configured with UserDetailsService bean with name appUserDetailsServiceImpl
2025-12-03T14:35:03.803+03:00  WARN 159072 --- [rating_punctuality] [main] JpaBaseConfiguration$JpaWebConfiguration : spring.jpa.open-in-view is enabled by default. Therefore, database queries may be performed during view rendering. Explicitly configure spring.jpa.open-in-view to disable this warning
2025-12-03T14:35:04.496+03:00  INFO 159072 --- [rating_punctuality] [main] c.r.p.r.config.AppSecurityConfig         : SecurityFilterChain настроен для JWT
2025-12-03T14:35:04.545+03:00 DEBUG 159072 --- [rating_punctuality] [main] o.s.s.web.DefaultSecurityFilterChain     : Will secure any request with filters: DisableEncodeUrlFilter, WebAsyncManagerIntegrationFilter, SecurityContextHolderFilter, HeaderWriterFilter, LogoutFilter, JwtFilter, RequestCacheAwareFilter, SecurityContextHolderAwareRequestFilter, AnonymousAuthenticationFilter, SessionManagementFilter, ExceptionTranslationFilter, AuthorizationFilter
2025-12-03T14:35:05.142+03:00  INFO 159072 --- [rating_punctuality] [main] o.s.b.w.embedded.tomcat.TomcatWebServer  : Tomcat started on port 8080 (http) with context path '/'
2025-12-03T14:35:05.159+03:00  INFO 159072 --- [rating_punctuality] [main] c.r.p.r.RatingPunctualityApplication     : Started RatingPunctualityApplication in 13.406 seconds (process running for 14.172)
2025-12-03T14:35:05.167+03:00  INFO 159072 --- [rating_punctuality] [main] c.r.p.r.config.LocalDateInitializer      : === ВЫПОЛНЕНИЕ ПРЕДВАРИТЕЛЬНЫХ ОПЕРАЦИЙ С БАЗОЙ ===
2025-12-03T14:35:05.168+03:00  INFO 159072 --- [rating_punctuality] [main] c.r.p.r.config.LocalDateInitializer      : Начало экспорта данных...
2025-12-03T14:35:05.943+03:00  INFO 159072 --- [rating_punctuality] [main] c.r.p.r.config.LocalDateInitializer      : Файлы сохранены: directions.json и airline_punctuality.json
2025-12-03T14:35:05.944+03:00  INFO 159072 --- [rating_punctuality] [main] c.r.p.r.config.LocalDateInitializer      : Экспорт завершен. Записей в direction: 309. Записей в punctuality: 4
2025-12-03T14:35:05.944+03:00  INFO 159072 --- [rating_punctuality] [main] c.r.p.r.config.LocalDateInitializer      : === ПРЕДВАРИТЕЛЬНЫЕ ОПЕРАЦИИ ЗАВЕРШЕНЫ ===
2025-12-03T14:35:13.441+03:00  INFO 159072 --- [rating_punctuality] [http-nio-8080-exec-1] o.a.c.c.C.[Tomcat].[localhost].[/]       : Initializing Spring DispatcherServlet 'dispatcherServlet'
2025-12-03T14:35:13.441+03:00  INFO 159072 --- [rating_punctuality] [http-nio-8080-exec-1] o.s.web.servlet.DispatcherServlet        : Initializing Servlet 'dispatcherServlet'
2025-12-03T14:35:13.443+03:00  INFO 159072 --- [rating_punctuality] [http-nio-8080-exec-1] o.s.web.servlet.DispatcherServlet        : Completed initialization in 1 ms
2025-12-03T14:35:13.483+03:00 DEBUG 159072 --- [rating_punctuality] [http-nio-8080-exec-1] o.s.security.web.FilterChainProxy        : Securing POST /api/auth/login
2025-12-03T14:35:13.500+03:00 DEBUG 159072 --- [rating_punctuality] [http-nio-8080-exec-1] o.s.s.w.a.AnonymousAuthenticationFilter  : Set SecurityContextHolder to anonymous SecurityContext
2025-12-03T14:35:13.508+03:00 DEBUG 159072 --- [rating_punctuality] [http-nio-8080-exec-1] o.s.security.web.FilterChainProxy        : Secured POST /api/auth/login
2025-12-03T14:35:13.722+03:00  INFO 159072 --- [rating_punctuality] [http-nio-8080-exec-1] c.r.p.r.controller.AuthController        : Попытка входа: admin
2025-12-03T14:35:14.097+03:00  WARN 159072 --- [rating_punctuality] [http-nio-8080-exec-1] o.s.s.c.bcrypt.BCryptPasswordEncoder     : Encoded password does not look like BCrypt
2025-12-03T14:35:14.097+03:00 DEBUG 159072 --- [rating_punctuality] [http-nio-8080-exec-1] o.s.s.a.dao.DaoAuthenticationProvider    : Failed to authenticate since password does not match stored value
2025-12-03T14:35:14.105+03:00 DEBUG 159072 --- [rating_punctuality] [http-nio-8080-exec-1] o.s.s.authentication.ProviderManager     : Authentication failed with provider DaoAuthenticationProvider since Неверные учетные данные пользователя
2025-12-03T14:35:14.108+03:00  WARN 159072 --- [rating_punctuality] [http-nio-8080-exec-1] c.r.p.r.controller.AuthController        : Ошибка входа для admin: Неверные учетные данные пользователя
2025-12-03T14:51:52.907+03:00 DEBUG 159072 --- [rating_punctuality] [http-nio-8080-exec-2] o.s.security.web.FilterChainProxy        : Securing POST /api/auth/login
2025-12-03T14:51:52.938+03:00 DEBUG 159072 --- [rating_punctuality] [http-nio-8080-exec-2] o.s.s.w.a.AnonymousAuthenticationFilter  : Set SecurityContextHolder to anonymous SecurityContext
2025-12-03T14:51:52.940+03:00 DEBUG 159072 --- [rating_punctuality] [http-nio-8080-exec-2] o.s.security.web.FilterChainProxy        : Secured POST /api/auth/login
2025-12-03T14:51:53.014+03:00  INFO 159072 --- [rating_punctuality] [http-nio-8080-exec-2] c.r.p.r.controller.AuthController        : Попытка входа: admin
2025-12-03T14:51:53.125+03:00  WARN 159072 --- [rating_punctuality] [http-nio-8080-exec-2] o.s.s.c.bcrypt.BCryptPasswordEncoder     : Encoded password does not look like BCrypt
2025-12-03T14:51:53.125+03:00 DEBUG 159072 --- [rating_punctuality] [http-nio-8080-exec-2] o.s.s.a.dao.DaoAuthenticationProvider    : Failed to authenticate since password does not match stored value
2025-12-03T14:51:53.127+03:00 DEBUG 159072 --- [rating_punctuality] [http-nio-8080-exec-2] o.s.s.authentication.ProviderManager     : Authentication failed with provider DaoAuthenticationProvider since Неверные учетные данные пользователя
2025-12-03T14:51:53.131+03:00  WARN 159072 --- [rating_punctuality] [http-nio-8080-exec-2] c.r.p.r.controller.AuthController        : Ошибка входа для admin: Неверные учетные данные пользователя
2025-12-03T14:52:22.612+03:00  INFO 159072 --- [rating_punctuality] [SpringApplicationShutdownHook] o.s.b.w.e.tomcat.GracefulShutdown        : Commencing graceful shutdown. Waiting for active requests to complete
2025-12-03T14:52:22.636+03:00  INFO 159072 --- [rating_punctuality] [tomcat-shutdown] o.s.b.w.e.tomcat.GracefulShutdown        : Graceful shutdown complete
2025-12-03T14:52:22.672+03:00  INFO 159072 --- [rating_punctuality] [SpringApplicationShutdownHook] j.LocalContainerEntityManagerFactoryBean : Closing JPA EntityManagerFactory for persistence unit 'default'
2025-12-03T14:52:22.688+03:00  INFO 159072 --- [rating_punctuality] [SpringApplicationShutdownHook] com.zaxxer.hikari.HikariDataSource       : HikariPool-1 - Shutdown initiated...
2025-12-03T14:52:22.751+03:00  INFO 159072 --- [rating_punctuality] [SpringApplicationShutdownHook] com.zaxxer.hikari.HikariDataSource       : HikariPool-1 - Shutdown completed.
2025-12-03T14:54:16.857+03:00  INFO 191895 --- [rating_punctuality] [main] c.r.p.r.RatingPunctualityApplication     : Starting RatingPunctualityApplication using Java 21.0.9 with PID 191895 (/home/vladimir/Загрузки/rating_punctuality/target/classes started by vladimir in /home/vladimir/Загрузки/rating_punctuality)
2025-12-03T14:54:16.863+03:00 DEBUG 191895 --- [rating_punctuality] [main] c.r.p.r.RatingPunctualityApplication     : Running with Spring Boot v3.5.6, Spring v6.2.11
2025-12-03T14:54:16.866+03:00  INFO 191895 --- [rating_punctuality] [main] c.r.p.r.RatingPunctualityApplication     : No active profile set, falling back to 1 default profile: "default"
2025-12-03T14:54:20.290+03:00  INFO 191895 --- [rating_punctuality] [main] .s.d.r.c.RepositoryConfigurationDelegate : Bootstrapping Spring Data JPA repositories in DEFAULT mode.
2025-12-03T14:54:20.409+03:00  INFO 191895 --- [rating_punctuality] [main] .s.d.r.c.RepositoryConfigurationDelegate : Finished Spring Data repository scanning in 101 ms. Found 4 JPA repository interfaces.
2025-12-03T14:54:21.968+03:00  INFO 191895 --- [rating_punctuality] [main] o.s.b.w.embedded.tomcat.TomcatWebServer  : Tomcat initialized with port 8080 (http)
2025-12-03T14:54:22.013+03:00  INFO 191895 --- [rating_punctuality] [main] o.apache.catalina.core.StandardService   : Starting service [Tomcat]
2025-12-03T14:54:22.014+03:00  INFO 191895 --- [rating_punctuality] [main] o.apache.catalina.core.StandardEngine    : Starting Servlet engine: [Apache Tomcat/10.1.46]
2025-12-03T14:54:22.124+03:00  INFO 191895 --- [rating_punctuality] [main] o.a.c.c.C.[Tomcat].[localhost].[/]       : Initializing Spring embedded WebApplicationContext
2025-12-03T14:54:22.125+03:00  INFO 191895 --- [rating_punctuality] [main] w.s.c.ServletWebServerApplicationContext : Root WebApplicationContext: initialization completed in 5161 ms
2025-12-03T14:54:22.419+03:00  INFO 191895 --- [rating_punctuality] [main] o.hibernate.jpa.internal.util.LogHelper  : HHH000204: Processing PersistenceUnitInfo [name: default]
2025-12-03T14:54:22.529+03:00  INFO 191895 --- [rating_punctuality] [main] org.hibernate.Version                    : HHH000412: Hibernate ORM core version 6.6.29.Final
2025-12-03T14:54:22.616+03:00  INFO 191895 --- [rating_punctuality] [main] o.h.c.internal.RegionFactoryInitiator    : HHH000026: Second-level cache disabled
2025-12-03T14:54:23.344+03:00  INFO 191895 --- [rating_punctuality] [main] o.s.o.j.p.SpringPersistenceUnitInfo      : No LoadTimeWeaver setup: ignoring JPA class transformer
2025-12-03T14:54:23.483+03:00  INFO 191895 --- [rating_punctuality] [main] com.zaxxer.hikari.HikariDataSource       : HikariPool-1 - Starting...
2025-12-03T14:54:24.308+03:00  INFO 191895 --- [rating_punctuality] [main] com.zaxxer.hikari.pool.HikariPool        : HikariPool-1 - Added connection org.postgresql.jdbc.PgConnection@48b3b1b8
2025-12-03T14:54:24.311+03:00  INFO 191895 --- [rating_punctuality] [main] com.zaxxer.hikari.HikariDataSource       : HikariPool-1 - Start completed.
2025-12-03T14:54:24.368+03:00  WARN 191895 --- [rating_punctuality] [main] org.hibernate.orm.deprecation            : HHH90000025: PostgreSQLDialect does not need to be specified explicitly using 'hibernate.dialect' (remove the property setting and it will be selected by default)
2025-12-03T14:54:24.404+03:00  INFO 191895 --- [rating_punctuality] [main] org.hibernate.orm.connections.pooling    : HHH10001005: Database info:
	Database JDBC URL [Connecting through datasource 'HikariDataSource (HikariPool-1)']
	Database driver: undefined/unknown
	Database version: 16.10
	Autocommit mode: undefined/unknown
	Isolation level: undefined/unknown
	Minimum pool size: undefined/unknown
	Maximum pool size: undefined/unknown
2025-12-03T14:54:25.835+03:00  INFO 191895 --- [rating_punctuality] [main] o.h.e.t.j.p.i.JtaPlatformInitiator       : HHH000489: No JTA platform available (set 'hibernate.transaction.jta.platform' to enable JTA platform integration)
2025-12-03T14:54:25.962+03:00  INFO 191895 --- [rating_punctuality] [main] j.LocalContainerEntityManagerFactoryBean : Initialized JPA EntityManagerFactory for persistence unit 'default'
2025-12-03T14:54:26.467+03:00 DEBUG 191895 --- [rating_punctuality] [main] c.r.p.r.config.JwtFilter                 : Filter 'jwtFilter' configured for use
2025-12-03T14:54:26.659+03:00  INFO 191895 --- [rating_punctuality] [main] r$InitializeUserDetailsManagerConfigurer : Global AuthenticationManager configured with UserDetailsService bean with name appUserDetailsServiceImpl
2025-12-03T14:54:26.887+03:00  WARN 191895 --- [rating_punctuality] [main] JpaBaseConfiguration$JpaWebConfiguration : spring.jpa.open-in-view is enabled by default. Therefore, database queries may be performed during view rendering. Explicitly configure spring.jpa.open-in-view to disable this warning
2025-12-03T14:54:27.408+03:00  INFO 191895 --- [rating_punctuality] [main] c.r.p.r.config.AppSecurityConfig         : SecurityFilterChain настроен для JWT
2025-12-03T14:54:27.459+03:00 DEBUG 191895 --- [rating_punctuality] [main] o.s.s.web.DefaultSecurityFilterChain     : Will secure any request with filters: DisableEncodeUrlFilter, WebAsyncManagerIntegrationFilter, SecurityContextHolderFilter, HeaderWriterFilter, LogoutFilter, JwtFilter, RequestCacheAwareFilter, SecurityContextHolderAwareRequestFilter, AnonymousAuthenticationFilter, SessionManagementFilter, ExceptionTranslationFilter, AuthorizationFilter
2025-12-03T14:54:27.984+03:00  INFO 191895 --- [rating_punctuality] [main] o.s.b.w.embedded.tomcat.TomcatWebServer  : Tomcat started on port 8080 (http) with context path '/'
2025-12-03T14:54:28.001+03:00  INFO 191895 --- [rating_punctuality] [main] c.r.p.r.RatingPunctualityApplication     : Started RatingPunctualityApplication in 12.072 seconds (process running for 13.598)
2025-12-03T14:54:28.010+03:00  INFO 191895 --- [rating_punctuality] [main] c.r.p.r.config.LocalDateInitializer      : === ВЫПОЛНЕНИЕ ПРЕДВАРИТЕЛЬНЫХ ОПЕРАЦИЙ С БАЗОЙ ===
2025-12-03T14:54:28.011+03:00  INFO 191895 --- [rating_punctuality] [main] c.r.p.r.config.LocalDateInitializer      : Начало экспорта данных...
2025-12-03T14:54:28.686+03:00  INFO 191895 --- [rating_punctuality] [main] c.r.p.r.config.LocalDateInitializer      : Файлы сохранены: directions.json и airline_punctuality.json
2025-12-03T14:54:28.686+03:00  INFO 191895 --- [rating_punctuality] [main] c.r.p.r.config.LocalDateInitializer      : Экспорт завершен. Записей в direction: 309. Записей в punctuality: 4
2025-12-03T14:54:28.687+03:00  INFO 191895 --- [rating_punctuality] [main] c.r.p.r.config.LocalDateInitializer      : === ПРЕДВАРИТЕЛЬНЫЕ ОПЕРАЦИИ ЗАВЕРШЕНЫ ===
2025-12-03T14:55:53.409+03:00  INFO 191895 --- [rating_punctuality] [http-nio-8080-exec-1] o.a.c.c.C.[Tomcat].[localhost].[/]       : Initializing Spring DispatcherServlet 'dispatcherServlet'
2025-12-03T14:55:53.410+03:00  INFO 191895 --- [rating_punctuality] [http-nio-8080-exec-1] o.s.web.servlet.DispatcherServlet        : Initializing Servlet 'dispatcherServlet'
2025-12-03T14:55:53.411+03:00  INFO 191895 --- [rating_punctuality] [http-nio-8080-exec-1] o.s.web.servlet.DispatcherServlet        : Completed initialization in 1 ms
2025-12-03T14:55:53.437+03:00 DEBUG 191895 --- [rating_punctuality] [http-nio-8080-exec-1] o.s.security.web.FilterChainProxy        : Securing POST /api/auth/add-user
2025-12-03T14:55:53.447+03:00 DEBUG 191895 --- [rating_punctuality] [http-nio-8080-exec-1] o.s.s.w.a.AnonymousAuthenticationFilter  : Set SecurityContextHolder to anonymous SecurityContext
2025-12-03T14:55:53.451+03:00 DEBUG 191895 --- [rating_punctuality] [http-nio-8080-exec-1] o.s.security.web.FilterChainProxy        : Secured POST /api/auth/add-user
2025-12-03T14:55:53.626+03:00  WARN 191895 --- [rating_punctuality] [http-nio-8080-exec-1] .w.s.m.s.DefaultHandlerExceptionResolver : Resolved [org.springframework.web.bind.MethodArgumentNotValidException: Validation failed for argument [0] in public org.springframework.http.ResponseEntity<?> com.rating.punctuality.rating_punctuality.controller.AuthController.register(com.rating.punctuality.rating_punctuality.model.auth.UserRegistrationDto) with 2 errors: [Field error in object 'userRegistrationDto' on field 'password': rejected value [admin]; codes [Size.userRegistrationDto.password,Size.password,Size.java.lang.String,Size]; arguments [org.springframework.context.support.DefaultMessageSourceResolvable: codes [userRegistrationDto.password,password]; arguments []; default message [password],2147483647,8]; default message [Пароль должен быть не менее 8 символов]] [Field error in object 'userRegistrationDto' on field 'password': rejected value [admin]; codes [Pattern.userRegistrationDto.password,Pattern.password,Pattern.java.lang.String,Pattern]; arguments [org.springframework.context.support.DefaultMessageSourceResolvable: codes [userRegistrationDto.password,password]; arguments []; default message [password],[Ljakarta.validation.constraints.Pattern$Flag;@2fa627a3,^(?=.*[a-z])(?=.*[A-Z])(?=.*\d).+$]; default message [Пароль должен содержать хотя бы одну строчную букву, одну заглавную букву и одну цифру]] ]
2025-12-03T14:55:53.636+03:00 DEBUG 191895 --- [rating_punctuality] [http-nio-8080-exec-1] o.s.security.web.FilterChainProxy        : Securing POST /error
2025-12-03T14:55:53.636+03:00 DEBUG 191895 --- [rating_punctuality] [http-nio-8080-exec-1] o.s.security.web.FilterChainProxy        : Secured POST /error
2025-12-03T14:55:53.676+03:00 DEBUG 191895 --- [rating_punctuality] [http-nio-8080-exec-1] o.s.s.w.a.AnonymousAuthenticationFilter  : Set SecurityContextHolder to anonymous SecurityContext
2025-12-03T14:56:09.919+03:00 DEBUG 191895 --- [rating_punctuality] [http-nio-8080-exec-2] o.s.security.web.FilterChainProxy        : Securing POST /api/auth/register
2025-12-03T14:56:09.920+03:00 DEBUG 191895 --- [rating_punctuality] [http-nio-8080-exec-2] o.s.s.w.a.AnonymousAuthenticationFilter  : Set SecurityContextHolder to anonymous SecurityContext
2025-12-03T14:56:09.920+03:00 DEBUG 191895 --- [rating_punctuality] [http-nio-8080-exec-2] o.s.security.web.FilterChainProxy        : Secured POST /api/auth/register
2025-12-03T14:56:09.924+03:00 DEBUG 191895 --- [rating_punctuality] [http-nio-8080-exec-2] o.s.security.web.FilterChainProxy        : Securing POST /error
2025-12-03T14:56:09.924+03:00 DEBUG 191895 --- [rating_punctuality] [http-nio-8080-exec-2] o.s.security.web.FilterChainProxy        : Secured POST /error
2025-12-03T14:56:09.928+03:00 DEBUG 191895 --- [rating_punctuality] [http-nio-8080-exec-2] o.s.s.w.a.AnonymousAuthenticationFilter  : Set SecurityContextHolder to anonymous SecurityContext
2025-12-03T14:56:39.265+03:00 DEBUG 191895 --- [rating_punctuality] [http-nio-8080-exec-4] o.s.security.web.FilterChainProxy        : Securing POST /api/auth/add-user
2025-12-03T14:56:39.265+03:00 DEBUG 191895 --- [rating_punctuality] [http-nio-8080-exec-4] o.s.s.w.a.AnonymousAuthenticationFilter  : Set SecurityContextHolder to anonymous SecurityContext
2025-12-03T14:56:39.266+03:00 DEBUG 191895 --- [rating_punctuality] [http-nio-8080-exec-4] o.s.security.web.FilterChainProxy        : Secured POST /api/auth/add-user
2025-12-03T14:56:39.275+03:00  WARN 191895 --- [rating_punctuality] [http-nio-8080-exec-4] .w.s.m.s.DefaultHandlerExceptionResolver : Resolved [org.springframework.http.converter.HttpMessageNotReadableException: Required request body is missing: public org.springframework.http.ResponseEntity<?> com.rating.punctuality.rating_punctuality.controller.AuthController.register(com.rating.punctuality.rating_punctuality.model.auth.UserRegistrationDto)]
2025-12-03T14:56:39.278+03:00 DEBUG 191895 --- [rating_punctuality] [http-nio-8080-exec-4] o.s.security.web.FilterChainProxy        : Securing POST /error
2025-12-03T14:56:39.279+03:00 DEBUG 191895 --- [rating_punctuality] [http-nio-8080-exec-4] o.s.security.web.FilterChainProxy        : Secured POST /error
2025-12-03T14:56:39.286+03:00 DEBUG 191895 --- [rating_punctuality] [http-nio-8080-exec-4] o.s.s.w.a.AnonymousAuthenticationFilter  : Set SecurityContextHolder to anonymous SecurityContext
2025-12-03T14:59:19.810+03:00  INFO 191895 --- [rating_punctuality] [SpringApplicationShutdownHook] o.s.b.w.e.tomcat.GracefulShutdown        : Commencing graceful shutdown. Waiting for active requests to complete
2025-12-03T14:59:19.836+03:00  INFO 191895 --- [rating_punctuality] [tomcat-shutdown] o.s.b.w.e.tomcat.GracefulShutdown        : Graceful shutdown complete
2025-12-03T14:59:19.858+03:00  INFO 191895 --- [rating_punctuality] [SpringApplicationShutdownHook] j.LocalContainerEntityManagerFactoryBean : Closing JPA EntityManagerFactory for persistence unit 'default'
2025-12-03T14:59:19.862+03:00  INFO 191895 --- [rating_punctuality] [SpringApplicationShutdownHook] com.zaxxer.hikari.HikariDataSource       : HikariPool-1 - Shutdown initiated...
2025-12-03T14:59:19.895+03:00  INFO 191895 --- [rating_punctuality] [SpringApplicationShutdownHook] com.zaxxer.hikari.HikariDataSource       : HikariPool-1 - Shutdown completed.
2025-12-03T14:59:27.867+03:00  INFO 198052 --- [rating_punctuality] [main] c.r.p.r.RatingPunctualityApplication     : Starting RatingPunctualityApplication using Java 21.0.9 with PID 198052 (/home/vladimir/Загрузки/rating_punctuality/target/classes started by vladimir in /home/vladimir/Загрузки/rating_punctuality)
2025-12-03T14:59:27.871+03:00 DEBUG 198052 --- [rating_punctuality] [main] c.r.p.r.RatingPunctualityApplication     : Running with Spring Boot v3.5.6, Spring v6.2.11
2025-12-03T14:59:27.873+03:00  INFO 198052 --- [rating_punctuality] [main] c.r.p.r.RatingPunctualityApplication     : No active profile set, falling back to 1 default profile: "default"
2025-12-03T14:59:29.461+03:00  INFO 198052 --- [rating_punctuality] [main] .s.d.r.c.RepositoryConfigurationDelegate : Bootstrapping Spring Data JPA repositories in DEFAULT mode.
2025-12-03T14:59:29.596+03:00  INFO 198052 --- [rating_punctuality] [main] .s.d.r.c.RepositoryConfigurationDelegate : Finished Spring Data repository scanning in 118 ms. Found 4 JPA repository interfaces.
2025-12-03T14:59:30.592+03:00  INFO 198052 --- [rating_punctuality] [main] o.s.b.w.embedded.tomcat.TomcatWebServer  : Tomcat initialized with port 8080 (http)
2025-12-03T14:59:30.621+03:00  INFO 198052 --- [rating_punctuality] [main] o.apache.catalina.core.StandardService   : Starting service [Tomcat]
2025-12-03T14:59:30.622+03:00  INFO 198052 --- [rating_punctuality] [main] o.apache.catalina.core.StandardEngine    : Starting Servlet engine: [Apache Tomcat/10.1.46]
2025-12-03T14:59:30.721+03:00  INFO 198052 --- [rating_punctuality] [main] o.a.c.c.C.[Tomcat].[localhost].[/]       : Initializing Spring embedded WebApplicationContext
2025-12-03T14:59:30.722+03:00  INFO 198052 --- [rating_punctuality] [main] w.s.c.ServletWebServerApplicationContext : Root WebApplicationContext: initialization completed in 2767 ms
2025-12-03T14:59:31.013+03:00  INFO 198052 --- [rating_punctuality] [main] o.hibernate.jpa.internal.util.LogHelper  : HHH000204: Processing PersistenceUnitInfo [name: default]
2025-12-03T14:59:31.105+03:00  INFO 198052 --- [rating_punctuality] [main] org.hibernate.Version                    : HHH000412: Hibernate ORM core version 6.6.29.Final
2025-12-03T14:59:31.170+03:00  INFO 198052 --- [rating_punctuality] [main] o.h.c.internal.RegionFactoryInitiator    : HHH000026: Second-level cache disabled
2025-12-03T14:59:31.617+03:00  INFO 198052 --- [rating_punctuality] [main] o.s.o.j.p.SpringPersistenceUnitInfo      : No LoadTimeWeaver setup: ignoring JPA class transformer
2025-12-03T14:59:31.688+03:00  INFO 198052 --- [rating_punctuality] [main] com.zaxxer.hikari.HikariDataSource       : HikariPool-1 - Starting...
2025-12-03T14:59:32.465+03:00  INFO 198052 --- [rating_punctuality] [main] com.zaxxer.hikari.pool.HikariPool        : HikariPool-1 - Added connection org.postgresql.jdbc.PgConnection@5ee6fdc4
2025-12-03T14:59:32.468+03:00  INFO 198052 --- [rating_punctuality] [main] com.zaxxer.hikari.HikariDataSource       : HikariPool-1 - Start completed.
2025-12-03T14:59:32.545+03:00  WARN 198052 --- [rating_punctuality] [main] org.hibernate.orm.deprecation            : HHH90000025: PostgreSQLDialect does not need to be specified explicitly using 'hibernate.dialect' (remove the property setting and it will be selected by default)
2025-12-03T14:59:32.588+03:00  INFO 198052 --- [rating_punctuality] [main] org.hibernate.orm.connections.pooling    : HHH10001005: Database info:
	Database JDBC URL [Connecting through datasource 'HikariDataSource (HikariPool-1)']
	Database driver: undefined/unknown
	Database version: 16.10
	Autocommit mode: undefined/unknown
	Isolation level: undefined/unknown
	Minimum pool size: undefined/unknown
	Maximum pool size: undefined/unknown
2025-12-03T14:59:34.159+03:00  INFO 198052 --- [rating_punctuality] [main] o.h.e.t.j.p.i.JtaPlatformInitiator       : HHH000489: No JTA platform available (set 'hibernate.transaction.jta.platform' to enable JTA platform integration)
2025-12-03T14:59:34.279+03:00  INFO 198052 --- [rating_punctuality] [main] j.LocalContainerEntityManagerFactoryBean : Initialized JPA EntityManagerFactory for persistence unit 'default'
2025-12-03T14:59:34.669+03:00 DEBUG 198052 --- [rating_punctuality] [main] c.r.p.r.config.JwtFilter                 : Filter 'jwtFilter' configured for use
2025-12-03T14:59:34.815+03:00  INFO 198052 --- [rating_punctuality] [main] r$InitializeUserDetailsManagerConfigurer : Global AuthenticationManager configured with UserDetailsService bean with name appUserDetailsServiceImpl
2025-12-03T14:59:34.982+03:00  WARN 198052 --- [rating_punctuality] [main] JpaBaseConfiguration$JpaWebConfiguration : spring.jpa.open-in-view is enabled by default. Therefore, database queries may be performed during view rendering. Explicitly configure spring.jpa.open-in-view to disable this warning
2025-12-03T14:59:35.363+03:00  INFO 198052 --- [rating_punctuality] [main] c.r.p.r.config.AppSecurityConfig         : SecurityFilterChain настроен для JWT
2025-12-03T14:59:35.416+03:00 DEBUG 198052 --- [rating_punctuality] [main] o.s.s.web.DefaultSecurityFilterChain     : Will secure any request with filters: DisableEncodeUrlFilter, WebAsyncManagerIntegrationFilter, SecurityContextHolderFilter, HeaderWriterFilter, LogoutFilter, JwtFilter, RequestCacheAwareFilter, SecurityContextHolderAwareRequestFilter, AnonymousAuthenticationFilter, SessionManagementFilter, ExceptionTranslationFilter, AuthorizationFilter
2025-12-03T14:59:35.787+03:00  INFO 198052 --- [rating_punctuality] [main] o.s.b.w.embedded.tomcat.TomcatWebServer  : Tomcat started on port 8080 (http) with context path '/'
2025-12-03T14:59:35.803+03:00  INFO 198052 --- [rating_punctuality] [main] c.r.p.r.RatingPunctualityApplication     : Started RatingPunctualityApplication in 8.839 seconds (process running for 9.52)
2025-12-03T14:59:35.808+03:00  INFO 198052 --- [rating_punctuality] [main] c.r.p.r.config.LocalDateInitializer      : === ВЫПОЛНЕНИЕ ПРЕДВАРИТЕЛЬНЫХ ОПЕРАЦИЙ С БАЗОЙ ===
2025-12-03T14:59:35.809+03:00  INFO 198052 --- [rating_punctuality] [main] c.r.p.r.config.LocalDateInitializer      : Начало экспорта данных...
2025-12-03T14:59:36.408+03:00  INFO 198052 --- [rating_punctuality] [main] c.r.p.r.config.LocalDateInitializer      : Файлы сохранены: directions.json и airline_punctuality.json
2025-12-03T14:59:36.409+03:00  INFO 198052 --- [rating_punctuality] [main] c.r.p.r.config.LocalDateInitializer      : Экспорт завершен. Записей в direction: 309. Записей в punctuality: 4
2025-12-03T14:59:36.409+03:00  INFO 198052 --- [rating_punctuality] [main] c.r.p.r.config.LocalDateInitializer      : === ПРЕДВАРИТЕЛЬНЫЕ ОПЕРАЦИИ ЗАВЕРШЕНЫ ===
2025-12-03T14:59:45.005+03:00  INFO 198052 --- [rating_punctuality] [http-nio-8080-exec-1] o.a.c.c.C.[Tomcat].[localhost].[/]       : Initializing Spring DispatcherServlet 'dispatcherServlet'
2025-12-03T14:59:45.005+03:00  INFO 198052 --- [rating_punctuality] [http-nio-8080-exec-1] o.s.web.servlet.DispatcherServlet        : Initializing Servlet 'dispatcherServlet'
2025-12-03T14:59:45.007+03:00  INFO 198052 --- [rating_punctuality] [http-nio-8080-exec-1] o.s.web.servlet.DispatcherServlet        : Completed initialization in 2 ms
2025-12-03T14:59:45.041+03:00 DEBUG 198052 --- [rating_punctuality] [http-nio-8080-exec-1] o.s.security.web.FilterChainProxy        : Securing POST /api/auth/add-user
2025-12-03T14:59:45.053+03:00 DEBUG 198052 --- [rating_punctuality] [http-nio-8080-exec-1] o.s.s.w.a.AnonymousAuthenticationFilter  : Set SecurityContextHolder to anonymous SecurityContext
2025-12-03T14:59:45.058+03:00 DEBUG 198052 --- [rating_punctuality] [http-nio-8080-exec-1] o.s.security.web.FilterChainProxy        : Secured POST /api/auth/add-user
2025-12-03T14:59:45.104+03:00  WARN 198052 --- [rating_punctuality] [http-nio-8080-exec-1] .w.s.m.s.DefaultHandlerExceptionResolver : Resolved [org.springframework.http.converter.HttpMessageNotReadableException: Required request body is missing: public org.springframework.http.ResponseEntity<?> com.rating.punctuality.rating_punctuality.controller.AuthController.register(com.rating.punctuality.rating_punctuality.model.auth.UserRegistrationDto)]
2025-12-03T14:59:45.113+03:00 DEBUG 198052 --- [rating_punctuality] [http-nio-8080-exec-1] o.s.security.web.FilterChainProxy        : Securing POST /error
2025-12-03T14:59:45.113+03:00 DEBUG 198052 --- [rating_punctuality] [http-nio-8080-exec-1] o.s.security.web.FilterChainProxy        : Secured POST /error
2025-12-03T14:59:45.151+03:00 DEBUG 198052 --- [rating_punctuality] [http-nio-8080-exec-1] o.s.s.w.a.AnonymousAuthenticationFilter  : Set SecurityContextHolder to anonymous SecurityContext
2025-12-03T15:00:10.875+03:00  INFO 198052 --- [rating_punctuality] [SpringApplicationShutdownHook] o.s.b.w.e.tomcat.GracefulShutdown        : Commencing graceful shutdown. Waiting for active requests to complete
2025-12-03T15:00:10.883+03:00  INFO 198052 --- [rating_punctuality] [tomcat-shutdown] o.s.b.w.e.tomcat.GracefulShutdown        : Graceful shutdown complete
2025-12-03T15:00:10.900+03:00  INFO 198052 --- [rating_punctuality] [SpringApplicationShutdownHook] j.LocalContainerEntityManagerFactoryBean : Closing JPA EntityManagerFactory for persistence unit 'default'
2025-12-03T15:00:10.907+03:00  INFO 198052 --- [rating_punctuality] [SpringApplicationShutdownHook] com.zaxxer.hikari.HikariDataSource       : HikariPool-1 - Shutdown initiated...
2025-12-03T15:00:10.940+03:00  INFO 198052 --- [rating_punctuality] [SpringApplicationShutdownHook] com.zaxxer.hikari.HikariDataSource       : HikariPool-1 - Shutdown completed.
2025-12-03T15:01:50.078+03:00  INFO 201003 --- [rating_punctuality] [main] c.r.p.r.RatingPunctualityApplication     : Starting RatingPunctualityApplication using Java 21.0.9 with PID 201003 (/home/vladimir/Загрузки/rating_punctuality/target/classes started by vladimir in /home/vladimir/Загрузки/rating_punctuality)
2025-12-03T15:01:50.081+03:00 DEBUG 201003 --- [rating_punctuality] [main] c.r.p.r.RatingPunctualityApplication     : Running with Spring Boot v3.5.6, Spring v6.2.11
2025-12-03T15:01:50.082+03:00  INFO 201003 --- [rating_punctuality] [main] c.r.p.r.RatingPunctualityApplication     : No active profile set, falling back to 1 default profile: "default"
2025-12-03T15:01:51.168+03:00  INFO 201003 --- [rating_punctuality] [main] .s.d.r.c.RepositoryConfigurationDelegate : Bootstrapping Spring Data JPA repositories in DEFAULT mode.
2025-12-03T15:01:51.292+03:00  INFO 201003 --- [rating_punctuality] [main] .s.d.r.c.RepositoryConfigurationDelegate : Finished Spring Data repository scanning in 107 ms. Found 4 JPA repository interfaces.
2025-12-03T15:01:52.082+03:00  INFO 201003 --- [rating_punctuality] [main] o.s.b.w.embedded.tomcat.TomcatWebServer  : Tomcat initialized with port 8080 (http)
2025-12-03T15:01:52.102+03:00  INFO 201003 --- [rating_punctuality] [main] o.apache.catalina.core.StandardService   : Starting service [Tomcat]
2025-12-03T15:01:52.103+03:00  INFO 201003 --- [rating_punctuality] [main] o.apache.catalina.core.StandardEngine    : Starting Servlet engine: [Apache Tomcat/10.1.46]
2025-12-03T15:01:52.191+03:00  INFO 201003 --- [rating_punctuality] [main] o.a.c.c.C.[Tomcat].[localhost].[/]       : Initializing Spring embedded WebApplicationContext
2025-12-03T15:01:52.192+03:00  INFO 201003 --- [rating_punctuality] [main] w.s.c.ServletWebServerApplicationContext : Root WebApplicationContext: initialization completed in 2042 ms
2025-12-03T15:01:52.414+03:00  INFO 201003 --- [rating_punctuality] [main] o.hibernate.jpa.internal.util.LogHelper  : HHH000204: Processing PersistenceUnitInfo [name: default]
2025-12-03T15:01:52.475+03:00  INFO 201003 --- [rating_punctuality] [main] org.hibernate.Version                    : HHH000412: Hibernate ORM core version 6.6.29.Final
2025-12-03T15:01:52.520+03:00  INFO 201003 --- [rating_punctuality] [main] o.h.c.internal.RegionFactoryInitiator    : HHH000026: Second-level cache disabled
2025-12-03T15:01:52.855+03:00  INFO 201003 --- [rating_punctuality] [main] o.s.o.j.p.SpringPersistenceUnitInfo      : No LoadTimeWeaver setup: ignoring JPA class transformer
2025-12-03T15:01:52.894+03:00  INFO 201003 --- [rating_punctuality] [main] com.zaxxer.hikari.HikariDataSource       : HikariPool-1 - Starting...
2025-12-03T15:01:53.315+03:00  INFO 201003 --- [rating_punctuality] [main] com.zaxxer.hikari.pool.HikariPool        : HikariPool-1 - Added connection org.postgresql.jdbc.PgConnection@1bbb42b4
2025-12-03T15:01:53.317+03:00  INFO 201003 --- [rating_punctuality] [main] com.zaxxer.hikari.HikariDataSource       : HikariPool-1 - Start completed.
2025-12-03T15:01:53.362+03:00  WARN 201003 --- [rating_punctuality] [main] org.hibernate.orm.deprecation            : HHH90000025: PostgreSQLDialect does not need to be specified explicitly using 'hibernate.dialect' (remove the property setting and it will be selected by default)
2025-12-03T15:01:53.394+03:00  INFO 201003 --- [rating_punctuality] [main] org.hibernate.orm.connections.pooling    : HHH10001005: Database info:
	Database JDBC URL [Connecting through datasource 'HikariDataSource (HikariPool-1)']
	Database driver: undefined/unknown
	Database version: 16.10
	Autocommit mode: undefined/unknown
	Isolation level: undefined/unknown
	Minimum pool size: undefined/unknown
	Maximum pool size: undefined/unknown
2025-12-03T15:01:54.799+03:00  INFO 201003 --- [rating_punctuality] [main] o.h.e.t.j.p.i.JtaPlatformInitiator       : HHH000489: No JTA platform available (set 'hibernate.transaction.jta.platform' to enable JTA platform integration)
2025-12-03T15:01:54.943+03:00  INFO 201003 --- [rating_punctuality] [main] j.LocalContainerEntityManagerFactoryBean : Initialized JPA EntityManagerFactory for persistence unit 'default'
2025-12-03T15:01:55.303+03:00 DEBUG 201003 --- [rating_punctuality] [main] c.r.p.r.config.JwtFilter                 : Filter 'jwtFilter' configured for use
2025-12-03T15:01:55.442+03:00  INFO 201003 --- [rating_punctuality] [main] r$InitializeUserDetailsManagerConfigurer : Global AuthenticationManager configured with UserDetailsService bean with name appUserDetailsServiceImpl
2025-12-03T15:01:55.630+03:00  WARN 201003 --- [rating_punctuality] [main] JpaBaseConfiguration$JpaWebConfiguration : spring.jpa.open-in-view is enabled by default. Therefore, database queries may be performed during view rendering. Explicitly configure spring.jpa.open-in-view to disable this warning
2025-12-03T15:01:56.025+03:00  INFO 201003 --- [rating_punctuality] [main] c.r.p.r.config.AppSecurityConfig         : SecurityFilterChain настроен для JWT
2025-12-03T15:01:56.074+03:00 DEBUG 201003 --- [rating_punctuality] [main] o.s.s.web.DefaultSecurityFilterChain     : Will secure any request with filters: DisableEncodeUrlFilter, WebAsyncManagerIntegrationFilter, SecurityContextHolderFilter, HeaderWriterFilter, LogoutFilter, JwtFilter, RequestCacheAwareFilter, SecurityContextHolderAwareRequestFilter, AnonymousAuthenticationFilter, SessionManagementFilter, ExceptionTranslationFilter, AuthorizationFilter
2025-12-03T15:01:56.452+03:00  INFO 201003 --- [rating_punctuality] [main] o.s.b.w.embedded.tomcat.TomcatWebServer  : Tomcat started on port 8080 (http) with context path '/'
2025-12-03T15:01:56.464+03:00  INFO 201003 --- [rating_punctuality] [main] c.r.p.r.RatingPunctualityApplication     : Started RatingPunctualityApplication in 7.162 seconds (process running for 7.986)
2025-12-03T15:01:56.471+03:00  INFO 201003 --- [rating_punctuality] [main] c.r.p.r.config.LocalDateInitializer      : === ВЫПОЛНЕНИЕ ПРЕДВАРИТЕЛЬНЫХ ОПЕРАЦИЙ С БАЗОЙ ===
2025-12-03T15:01:56.471+03:00  INFO 201003 --- [rating_punctuality] [main] c.r.p.r.config.LocalDateInitializer      : Начало экспорта данных...
2025-12-03T15:01:57.071+03:00  INFO 201003 --- [rating_punctuality] [main] c.r.p.r.config.LocalDateInitializer      : Файлы сохранены: directions.json и airline_punctuality.json
2025-12-03T15:01:57.071+03:00  INFO 201003 --- [rating_punctuality] [main] c.r.p.r.config.LocalDateInitializer      : Экспорт завершен. Записей в direction: 309. Записей в punctuality: 4
2025-12-03T15:01:57.071+03:00  INFO 201003 --- [rating_punctuality] [main] c.r.p.r.config.LocalDateInitializer      : === ПРЕДВАРИТЕЛЬНЫЕ ОПЕРАЦИИ ЗАВЕРШЕНЫ ===
2025-12-03T15:02:06.071+03:00  INFO 201003 --- [rating_punctuality] [http-nio-8080-exec-1] o.a.c.c.C.[Tomcat].[localhost].[/]       : Initializing Spring DispatcherServlet 'dispatcherServlet'
2025-12-03T15:02:06.072+03:00  INFO 201003 --- [rating_punctuality] [http-nio-8080-exec-1] o.s.web.servlet.DispatcherServlet        : Initializing Servlet 'dispatcherServlet'
2025-12-03T15:02:06.074+03:00  INFO 201003 --- [rating_punctuality] [http-nio-8080-exec-1] o.s.web.servlet.DispatcherServlet        : Completed initialization in 1 ms
2025-12-03T15:02:06.102+03:00 DEBUG 201003 --- [rating_punctuality] [http-nio-8080-exec-1] o.s.security.web.FilterChainProxy        : Securing POST /api/auth/add-user
2025-12-03T15:02:06.112+03:00 DEBUG 201003 --- [rating_punctuality] [http-nio-8080-exec-1] o.s.s.w.a.AnonymousAuthenticationFilter  : Set SecurityContextHolder to anonymous SecurityContext
2025-12-03T15:02:06.114+03:00 DEBUG 201003 --- [rating_punctuality] [http-nio-8080-exec-1] o.s.security.web.FilterChainProxy        : Secured POST /api/auth/add-user
2025-12-03T15:02:06.157+03:00  WARN 201003 --- [rating_punctuality] [http-nio-8080-exec-1] .w.s.m.s.DefaultHandlerExceptionResolver : Resolved [org.springframework.web.bind.MissingServletRequestParameterException: Required request parameter 'userRegistrationDto' for method parameter type UserRegistrationDto is not present]
2025-12-03T15:02:06.168+03:00 DEBUG 201003 --- [rating_punctuality] [http-nio-8080-exec-1] o.s.security.web.FilterChainProxy        : Securing POST /error
2025-12-03T15:02:06.169+03:00 DEBUG 201003 --- [rating_punctuality] [http-nio-8080-exec-1] o.s.security.web.FilterChainProxy        : Secured POST /error
2025-12-03T15:02:06.210+03:00 DEBUG 201003 --- [rating_punctuality] [http-nio-8080-exec-1] o.s.s.w.a.AnonymousAuthenticationFilter  : Set SecurityContextHolder to anonymous SecurityContext
2025-12-03T15:05:27.461+03:00  INFO 201003 --- [rating_punctuality] [SpringApplicationShutdownHook] o.s.b.w.e.tomcat.GracefulShutdown        : Commencing graceful shutdown. Waiting for active requests to complete
2025-12-03T15:05:27.507+03:00  INFO 201003 --- [rating_punctuality] [tomcat-shutdown] o.s.b.w.e.tomcat.GracefulShutdown        : Graceful shutdown complete
2025-12-03T15:05:27.537+03:00  INFO 201003 --- [rating_punctuality] [SpringApplicationShutdownHook] j.LocalContainerEntityManagerFactoryBean : Closing JPA EntityManagerFactory for persistence unit 'default'
2025-12-03T15:05:27.567+03:00  INFO 201003 --- [rating_punctuality] [SpringApplicationShutdownHook] com.zaxxer.hikari.HikariDataSource       : HikariPool-1 - Shutdown initiated...
2025-12-03T15:05:27.628+03:00  INFO 201003 --- [rating_punctuality] [SpringApplicationShutdownHook] com.zaxxer.hikari.HikariDataSource       : HikariPool-1 - Shutdown completed.
2025-12-03T15:05:32.794+03:00  INFO 205292 --- [rating_punctuality] [main] c.r.p.r.RatingPunctualityApplication     : Starting RatingPunctualityApplication using Java 21.0.9 with PID 205292 (/home/vladimir/Загрузки/rating_punctuality/target/classes started by vladimir in /home/vladimir/Загрузки/rating_punctuality)
2025-12-03T15:05:32.797+03:00 DEBUG 205292 --- [rating_punctuality] [main] c.r.p.r.RatingPunctualityApplication     : Running with Spring Boot v3.5.6, Spring v6.2.11
2025-12-03T15:05:32.798+03:00  INFO 205292 --- [rating_punctuality] [main] c.r.p.r.RatingPunctualityApplication     : No active profile set, falling back to 1 default profile: "default"
2025-12-03T15:05:34.065+03:00  INFO 205292 --- [rating_punctuality] [main] .s.d.r.c.RepositoryConfigurationDelegate : Bootstrapping Spring Data JPA repositories in DEFAULT mode.
2025-12-03T15:05:34.280+03:00  INFO 205292 --- [rating_punctuality] [main] .s.d.r.c.RepositoryConfigurationDelegate : Finished Spring Data repository scanning in 186 ms. Found 4 JPA repository interfaces.
2025-12-03T15:05:35.300+03:00  INFO 205292 --- [rating_punctuality] [main] o.s.b.w.embedded.tomcat.TomcatWebServer  : Tomcat initialized with port 8080 (http)
2025-12-03T15:05:35.325+03:00  INFO 205292 --- [rating_punctuality] [main] o.apache.catalina.core.StandardService   : Starting service [Tomcat]
2025-12-03T15:05:35.326+03:00  INFO 205292 --- [rating_punctuality] [main] o.apache.catalina.core.StandardEngine    : Starting Servlet engine: [Apache Tomcat/10.1.46]
2025-12-03T15:05:35.418+03:00  INFO 205292 --- [rating_punctuality] [main] o.a.c.c.C.[Tomcat].[localhost].[/]       : Initializing Spring embedded WebApplicationContext
2025-12-03T15:05:35.419+03:00  INFO 205292 --- [rating_punctuality] [main] w.s.c.ServletWebServerApplicationContext : Root WebApplicationContext: initialization completed in 2548 ms
2025-12-03T15:05:35.740+03:00  INFO 205292 --- [rating_punctuality] [main] o.hibernate.jpa.internal.util.LogHelper  : HHH000204: Processing PersistenceUnitInfo [name: default]
2025-12-03T15:05:35.833+03:00  INFO 205292 --- [rating_punctuality] [main] org.hibernate.Version                    : HHH000412: Hibernate ORM core version 6.6.29.Final
2025-12-03T15:05:35.893+03:00  INFO 205292 --- [rating_punctuality] [main] o.h.c.internal.RegionFactoryInitiator    : HHH000026: Second-level cache disabled
2025-12-03T15:05:36.397+03:00  INFO 205292 --- [rating_punctuality] [main] o.s.o.j.p.SpringPersistenceUnitInfo      : No LoadTimeWeaver setup: ignoring JPA class transformer
2025-12-03T15:05:36.460+03:00  INFO 205292 --- [rating_punctuality] [main] com.zaxxer.hikari.HikariDataSource       : HikariPool-1 - Starting...
2025-12-03T15:05:37.105+03:00  INFO 205292 --- [rating_punctuality] [main] com.zaxxer.hikari.pool.HikariPool        : HikariPool-1 - Added connection org.postgresql.jdbc.PgConnection@4d2f9e3c
2025-12-03T15:05:37.108+03:00  INFO 205292 --- [rating_punctuality] [main] com.zaxxer.hikari.HikariDataSource       : HikariPool-1 - Start completed.
2025-12-03T15:05:37.155+03:00  WARN 205292 --- [rating_punctuality] [main] org.hibernate.orm.deprecation            : HHH90000025: PostgreSQLDialect does not need to be specified explicitly using 'hibernate.dialect' (remove the property setting and it will be selected by default)
2025-12-03T15:05:37.186+03:00  INFO 205292 --- [rating_punctuality] [main] org.hibernate.orm.connections.pooling    : HHH10001005: Database info:
	Database JDBC URL [Connecting through datasource 'HikariDataSource (HikariPool-1)']
	Database driver: undefined/unknown
	Database version: 16.10
	Autocommit mode: undefined/unknown
	Isolation level: undefined/unknown
	Minimum pool size: undefined/unknown
	Maximum pool size: undefined/unknown
2025-12-03T15:05:39.413+03:00  INFO 205292 --- [rating_punctuality] [main] o.h.e.t.j.p.i.JtaPlatformInitiator       : HHH000489: No JTA platform available (set 'hibernate.transaction.jta.platform' to enable JTA platform integration)
2025-12-03T15:05:39.567+03:00  INFO 205292 --- [rating_punctuality] [main] j.LocalContainerEntityManagerFactoryBean : Initialized JPA EntityManagerFactory for persistence unit 'default'
2025-12-03T15:05:40.029+03:00 DEBUG 205292 --- [rating_punctuality] [main] c.r.p.r.config.JwtFilter                 : Filter 'jwtFilter' configured for use
2025-12-03T15:05:40.205+03:00  INFO 205292 --- [rating_punctuality] [main] r$InitializeUserDetailsManagerConfigurer : Global AuthenticationManager configured with UserDetailsService bean with name appUserDetailsServiceImpl
2025-12-03T15:05:40.395+03:00  WARN 205292 --- [rating_punctuality] [main] JpaBaseConfiguration$JpaWebConfiguration : spring.jpa.open-in-view is enabled by default. Therefore, database queries may be performed during view rendering. Explicitly configure spring.jpa.open-in-view to disable this warning
2025-12-03T15:05:40.799+03:00  INFO 205292 --- [rating_punctuality] [main] c.r.p.r.config.AppSecurityConfig         : SecurityFilterChain настроен для JWT
2025-12-03T15:05:40.848+03:00 DEBUG 205292 --- [rating_punctuality] [main] o.s.s.web.DefaultSecurityFilterChain     : Will secure any request with filters: DisableEncodeUrlFilter, WebAsyncManagerIntegrationFilter, SecurityContextHolderFilter, HeaderWriterFilter, LogoutFilter, JwtFilter, RequestCacheAwareFilter, SecurityContextHolderAwareRequestFilter, AnonymousAuthenticationFilter, SessionManagementFilter, ExceptionTranslationFilter, AuthorizationFilter
2025-12-03T15:05:41.334+03:00  INFO 205292 --- [rating_punctuality] [main] o.s.b.w.embedded.tomcat.TomcatWebServer  : Tomcat started on port 8080 (http) with context path '/'
2025-12-03T15:05:41.352+03:00  INFO 205292 --- [rating_punctuality] [main] c.r.p.r.RatingPunctualityApplication     : Started RatingPunctualityApplication in 9.386 seconds (process running for 10.067)
2025-12-03T15:05:41.360+03:00  INFO 205292 --- [rating_punctuality] [main] c.r.p.r.config.LocalDateInitializer      : === ВЫПОЛНЕНИЕ ПРЕДВАРИТЕЛЬНЫХ ОПЕРАЦИЙ С БАЗОЙ ===
2025-12-03T15:05:41.360+03:00  INFO 205292 --- [rating_punctuality] [main] c.r.p.r.config.LocalDateInitializer      : Начало экспорта данных...
2025-12-03T15:05:41.951+03:00  INFO 205292 --- [rating_punctuality] [main] c.r.p.r.config.LocalDateInitializer      : Файлы сохранены: directions.json и airline_punctuality.json
2025-12-03T15:05:41.951+03:00  INFO 205292 --- [rating_punctuality] [main] c.r.p.r.config.LocalDateInitializer      : Экспорт завершен. Записей в direction: 309. Записей в punctuality: 4
2025-12-03T15:05:41.951+03:00  INFO 205292 --- [rating_punctuality] [main] c.r.p.r.config.LocalDateInitializer      : === ПРЕДВАРИТЕЛЬНЫЕ ОПЕРАЦИИ ЗАВЕРШЕНЫ ===
2025-12-03T15:05:52.586+03:00  INFO 205292 --- [rating_punctuality] [http-nio-8080-exec-1] o.a.c.c.C.[Tomcat].[localhost].[/]       : Initializing Spring DispatcherServlet 'dispatcherServlet'
2025-12-03T15:05:52.586+03:00  INFO 205292 --- [rating_punctuality] [http-nio-8080-exec-1] o.s.web.servlet.DispatcherServlet        : Initializing Servlet 'dispatcherServlet'
2025-12-03T15:05:52.588+03:00  INFO 205292 --- [rating_punctuality] [http-nio-8080-exec-1] o.s.web.servlet.DispatcherServlet        : Completed initialization in 2 ms
2025-12-03T15:05:52.625+03:00 DEBUG 205292 --- [rating_punctuality] [http-nio-8080-exec-1] o.s.security.web.FilterChainProxy        : Securing POST /api/auth/add-user
2025-12-03T15:05:52.638+03:00 DEBUG 205292 --- [rating_punctuality] [http-nio-8080-exec-1] o.s.s.w.a.AnonymousAuthenticationFilter  : Set SecurityContextHolder to anonymous SecurityContext
2025-12-03T15:05:52.642+03:00 DEBUG 205292 --- [rating_punctuality] [http-nio-8080-exec-1] o.s.security.web.FilterChainProxy        : Secured POST /api/auth/add-user
2025-12-03T15:05:52.694+03:00  WARN 205292 --- [rating_punctuality] [http-nio-8080-exec-1] .w.s.m.s.DefaultHandlerExceptionResolver : Resolved [org.springframework.http.converter.HttpMessageNotReadableException: Required request body is missing: public org.springframework.http.ResponseEntity<?> com.rating.punctuality.rating_punctuality.controller.AuthController.register(com.rating.punctuality.rating_punctuality.model.auth.UserRegistrationDto)]
2025-12-03T15:05:52.706+03:00 DEBUG 205292 --- [rating_punctuality] [http-nio-8080-exec-1] o.s.security.web.FilterChainProxy        : Securing POST /error
2025-12-03T15:05:52.706+03:00 DEBUG 205292 --- [rating_punctuality] [http-nio-8080-exec-1] o.s.security.web.FilterChainProxy        : Secured POST /error
2025-12-03T15:05:52.756+03:00 DEBUG 205292 --- [rating_punctuality] [http-nio-8080-exec-1] o.s.s.w.a.AnonymousAuthenticationFilter  : Set SecurityContextHolder to anonymous SecurityContext
2025-12-03T15:12:44.404+03:00 DEBUG 205292 --- [rating_punctuality] [http-nio-8080-exec-2] o.s.security.web.FilterChainProxy        : Securing POST /api/auth/login
2025-12-03T15:12:44.405+03:00 DEBUG 205292 --- [rating_punctuality] [http-nio-8080-exec-2] o.s.s.w.a.AnonymousAuthenticationFilter  : Set SecurityContextHolder to anonymous SecurityContext
2025-12-03T15:12:44.406+03:00 DEBUG 205292 --- [rating_punctuality] [http-nio-8080-exec-2] o.s.security.web.FilterChainProxy        : Secured POST /api/auth/login
2025-12-03T15:12:44.533+03:00  INFO 205292 --- [rating_punctuality] [http-nio-8080-exec-2] c.r.p.r.controller.AuthController        : Попытка входа: admin
2025-12-03T15:12:44.887+03:00  WARN 205292 --- [rating_punctuality] [http-nio-8080-exec-2] o.s.s.c.bcrypt.BCryptPasswordEncoder     : Encoded password does not look like BCrypt
2025-12-03T15:12:44.887+03:00 DEBUG 205292 --- [rating_punctuality] [http-nio-8080-exec-2] o.s.s.a.dao.DaoAuthenticationProvider    : Failed to authenticate since password does not match stored value
2025-12-03T15:12:44.898+03:00 DEBUG 205292 --- [rating_punctuality] [http-nio-8080-exec-2] o.s.s.authentication.ProviderManager     : Authentication failed with provider DaoAuthenticationProvider since Неверные учетные данные пользователя
2025-12-03T15:12:44.899+03:00  WARN 205292 --- [rating_punctuality] [http-nio-8080-exec-2] c.r.p.r.controller.AuthController        : Ошибка входа для admin: Неверные учетные данные пользователя
2025-12-03T16:18:29.806+03:00  INFO 205292 --- [rating_punctuality] [SpringApplicationShutdownHook] o.s.b.w.e.tomcat.GracefulShutdown        : Commencing graceful shutdown. Waiting for active requests to complete
2025-12-03T16:18:29.821+03:00  INFO 205292 --- [rating_punctuality] [tomcat-shutdown] o.s.b.w.e.tomcat.GracefulShutdown        : Graceful shutdown complete
2025-12-03T16:18:29.841+03:00  INFO 205292 --- [rating_punctuality] [SpringApplicationShutdownHook] j.LocalContainerEntityManagerFactoryBean : Closing JPA EntityManagerFactory for persistence unit 'default'
2025-12-03T16:18:29.859+03:00  INFO 205292 --- [rating_punctuality] [SpringApplicationShutdownHook] com.zaxxer.hikari.HikariDataSource       : HikariPool-1 - Shutdown initiated...
2025-12-03T16:18:29.880+03:00  INFO 205292 --- [rating_punctuality] [SpringApplicationShutdownHook] com.zaxxer.hikari.HikariDataSource       : HikariPool-1 - Shutdown completed.
2025-12-03T16:25:49.004+03:00  INFO 297634 --- [rating_punctuality] [main] c.r.p.r.RatingPunctualityApplication     : Starting RatingPunctualityApplication using Java 21.0.9 with PID 297634 (/home/vladimir/Загрузки/rating_punctuality/target/classes started by vladimir in /home/vladimir/Загрузки/rating_punctuality)
2025-12-03T16:25:49.007+03:00 DEBUG 297634 --- [rating_punctuality] [main] c.r.p.r.RatingPunctualityApplication     : Running with Spring Boot v3.5.6, Spring v6.2.11
2025-12-03T16:25:49.009+03:00  INFO 297634 --- [rating_punctuality] [main] c.r.p.r.RatingPunctualityApplication     : No active profile set, falling back to 1 default profile: "default"
2025-12-03T16:25:50.626+03:00  INFO 297634 --- [rating_punctuality] [main] .s.d.r.c.RepositoryConfigurationDelegate : Bootstrapping Spring Data JPA repositories in DEFAULT mode.
2025-12-03T16:25:50.746+03:00  INFO 297634 --- [rating_punctuality] [main] .s.d.r.c.RepositoryConfigurationDelegate : Finished Spring Data repository scanning in 105 ms. Found 4 JPA repository interfaces.
2025-12-03T16:25:51.721+03:00  INFO 297634 --- [rating_punctuality] [main] o.s.b.w.embedded.tomcat.TomcatWebServer  : Tomcat initialized with port 8080 (http)
2025-12-03T16:25:51.753+03:00  INFO 297634 --- [rating_punctuality] [main] o.apache.catalina.core.StandardService   : Starting service [Tomcat]
2025-12-03T16:25:51.754+03:00  INFO 297634 --- [rating_punctuality] [main] o.apache.catalina.core.StandardEngine    : Starting Servlet engine: [Apache Tomcat/10.1.46]
2025-12-03T16:25:51.870+03:00  INFO 297634 --- [rating_punctuality] [main] o.a.c.c.C.[Tomcat].[localhost].[/]       : Initializing Spring embedded WebApplicationContext
2025-12-03T16:25:51.871+03:00  INFO 297634 --- [rating_punctuality] [main] w.s.c.ServletWebServerApplicationContext : Root WebApplicationContext: initialization completed in 2779 ms
2025-12-03T16:25:52.143+03:00  INFO 297634 --- [rating_punctuality] [main] o.hibernate.jpa.internal.util.LogHelper  : HHH000204: Processing PersistenceUnitInfo [name: default]
2025-12-03T16:25:52.244+03:00  INFO 297634 --- [rating_punctuality] [main] org.hibernate.Version                    : HHH000412: Hibernate ORM core version 6.6.29.Final
2025-12-03T16:25:52.302+03:00  INFO 297634 --- [rating_punctuality] [main] o.h.c.internal.RegionFactoryInitiator    : HHH000026: Second-level cache disabled
2025-12-03T16:25:52.739+03:00  INFO 297634 --- [rating_punctuality] [main] o.s.o.j.p.SpringPersistenceUnitInfo      : No LoadTimeWeaver setup: ignoring JPA class transformer
2025-12-03T16:25:52.793+03:00  INFO 297634 --- [rating_punctuality] [main] com.zaxxer.hikari.HikariDataSource       : HikariPool-1 - Starting...
2025-12-03T16:25:53.284+03:00  INFO 297634 --- [rating_punctuality] [main] com.zaxxer.hikari.pool.HikariPool        : HikariPool-1 - Added connection org.postgresql.jdbc.PgConnection@48b3b1b8
2025-12-03T16:25:53.285+03:00  INFO 297634 --- [rating_punctuality] [main] com.zaxxer.hikari.HikariDataSource       : HikariPool-1 - Start completed.
2025-12-03T16:25:53.333+03:00  WARN 297634 --- [rating_punctuality] [main] org.hibernate.orm.deprecation            : HHH90000025: PostgreSQLDialect does not need to be specified explicitly using 'hibernate.dialect' (remove the property setting and it will be selected by default)
2025-12-03T16:25:53.364+03:00  INFO 297634 --- [rating_punctuality] [main] org.hibernate.orm.connections.pooling    : HHH10001005: Database info:
	Database JDBC URL [Connecting through datasource 'HikariDataSource (HikariPool-1)']
	Database driver: undefined/unknown
	Database version: 16.10
	Autocommit mode: undefined/unknown
	Isolation level: undefined/unknown
	Minimum pool size: undefined/unknown
	Maximum pool size: undefined/unknown
2025-12-03T16:25:55.020+03:00  INFO 297634 --- [rating_punctuality] [main] o.h.e.t.j.p.i.JtaPlatformInitiator       : HHH000489: No JTA platform available (set 'hibernate.transaction.jta.platform' to enable JTA platform integration)
2025-12-03T16:25:55.174+03:00  INFO 297634 --- [rating_punctuality] [main] j.LocalContainerEntityManagerFactoryBean : Initialized JPA EntityManagerFactory for persistence unit 'default'
2025-12-03T16:25:55.691+03:00 DEBUG 297634 --- [rating_punctuality] [main] c.r.p.r.config.JwtFilter                 : Filter 'jwtFilter' configured for use
2025-12-03T16:25:55.866+03:00  INFO 297634 --- [rating_punctuality] [main] r$InitializeUserDetailsManagerConfigurer : Global AuthenticationManager configured with UserDetailsService bean with name appUserDetailsServiceImpl
2025-12-03T16:25:56.065+03:00  WARN 297634 --- [rating_punctuality] [main] JpaBaseConfiguration$JpaWebConfiguration : spring.jpa.open-in-view is enabled by default. Therefore, database queries may be performed during view rendering. Explicitly configure spring.jpa.open-in-view to disable this warning
2025-12-03T16:25:56.517+03:00  INFO 297634 --- [rating_punctuality] [main] c.r.p.r.config.AppSecurityConfig         : SecurityFilterChain настроен для JWT
2025-12-03T16:25:56.586+03:00 DEBUG 297634 --- [rating_punctuality] [main] o.s.s.web.DefaultSecurityFilterChain     : Will secure any request with filters: DisableEncodeUrlFilter, WebAsyncManagerIntegrationFilter, SecurityContextHolderFilter, HeaderWriterFilter, LogoutFilter, JwtFilter, RequestCacheAwareFilter, SecurityContextHolderAwareRequestFilter, AnonymousAuthenticationFilter, SessionManagementFilter, ExceptionTranslationFilter, AuthorizationFilter
2025-12-03T16:25:56.969+03:00  INFO 297634 --- [rating_punctuality] [main] o.s.b.w.embedded.tomcat.TomcatWebServer  : Tomcat started on port 8080 (http) with context path '/'
2025-12-03T16:25:56.986+03:00  INFO 297634 --- [rating_punctuality] [main] c.r.p.r.RatingPunctualityApplication     : Started RatingPunctualityApplication in 8.959 seconds (process running for 9.631)
2025-12-03T16:25:56.996+03:00  INFO 297634 --- [rating_punctuality] [main] c.r.p.r.config.LocalDateInitializer      : === ВЫПОЛНЕНИЕ ПРЕДВАРИТЕЛЬНЫХ ОПЕРАЦИЙ С БАЗОЙ ===
2025-12-03T16:25:56.997+03:00  INFO 297634 --- [rating_punctuality] [main] c.r.p.r.config.LocalDateInitializer      : Начало экспорта данных...
2025-12-03T16:25:57.922+03:00  INFO 297634 --- [rating_punctuality] [main] c.r.p.r.config.LocalDateInitializer      : Файлы сохранены: directions.json и airline_punctuality.json
2025-12-03T16:25:57.922+03:00  INFO 297634 --- [rating_punctuality] [main] c.r.p.r.config.LocalDateInitializer      : Экспорт завершен. Записей в direction: 309. Записей в punctuality: 4
2025-12-03T16:25:57.923+03:00  INFO 297634 --- [rating_punctuality] [main] c.r.p.r.config.LocalDateInitializer      : === ПРЕДВАРИТЕЛЬНЫЕ ОПЕРАЦИИ ЗАВЕРШЕНЫ ===
2025-12-03T16:26:06.772+03:00  INFO 297634 --- [rating_punctuality] [http-nio-8080-exec-1] o.a.c.c.C.[Tomcat].[localhost].[/]       : Initializing Spring DispatcherServlet 'dispatcherServlet'
2025-12-03T16:26:06.773+03:00  INFO 297634 --- [rating_punctuality] [http-nio-8080-exec-1] o.s.web.servlet.DispatcherServlet        : Initializing Servlet 'dispatcherServlet'
2025-12-03T16:26:06.775+03:00  INFO 297634 --- [rating_punctuality] [http-nio-8080-exec-1] o.s.web.servlet.DispatcherServlet        : Completed initialization in 1 ms
2025-12-03T16:26:06.816+03:00 DEBUG 297634 --- [rating_punctuality] [http-nio-8080-exec-1] o.s.security.web.FilterChainProxy        : Securing POST /api/auth/login
2025-12-03T16:26:06.835+03:00 DEBUG 297634 --- [rating_punctuality] [http-nio-8080-exec-1] o.s.s.w.a.AnonymousAuthenticationFilter  : Set SecurityContextHolder to anonymous SecurityContext
2025-12-03T16:26:06.842+03:00 DEBUG 297634 --- [rating_punctuality] [http-nio-8080-exec-1] o.s.security.web.FilterChainProxy        : Secured POST /api/auth/login
2025-12-03T16:26:07.089+03:00  INFO 297634 --- [rating_punctuality] [http-nio-8080-exec-1] c.r.p.r.controller.AuthController        : Попытка входа: admin
2025-12-03T16:26:07.483+03:00 DEBUG 297634 --- [rating_punctuality] [http-nio-8080-exec-1] o.s.s.a.dao.DaoAuthenticationProvider    : Authenticated user
2025-12-03T16:26:07.572+03:00  INFO 297634 --- [rating_punctuality] [http-nio-8080-exec-1] c.r.p.r.controller.AuthController        : Успешный вход: admin
2025-12-03T16:28:15.529+03:00 DEBUG 297634 --- [rating_punctuality] [http-nio-8080-exec-2] o.s.security.web.FilterChainProxy        : Securing GET /add-user
2025-12-03T16:28:15.673+03:00 ERROR 297634 --- [rating_punctuality] [http-nio-8080-exec-2] o.a.c.c.C.[.[.[/].[dispatcherServlet]    : Servlet.service() for servlet [dispatcherServlet] in context with path [] threw exception

io.jsonwebtoken.security.SignatureException: JWT signature does not match locally computed signature. JWT validity cannot be asserted and should not be trusted.
	at io.jsonwebtoken.impl.DefaultJwtParser.verifySignature(DefaultJwtParser.java:340) ~[jjwt-impl-0.12.5.jar:0.12.5]
	at io.jsonwebtoken.impl.DefaultJwtParser.parse(DefaultJwtParser.java:577) ~[jjwt-impl-0.12.5.jar:0.12.5]
	at io.jsonwebtoken.impl.DefaultJwtParser.parse(DefaultJwtParser.java:362) ~[jjwt-impl-0.12.5.jar:0.12.5]
	at io.jsonwebtoken.impl.DefaultJwtParser.parse(DefaultJwtParser.java:94) ~[jjwt-impl-0.12.5.jar:0.12.5]
	at io.jsonwebtoken.impl.io.AbstractParser.parse(AbstractParser.java:36) ~[jjwt-impl-0.12.5.jar:0.12.5]
	at io.jsonwebtoken.impl.io.AbstractParser.parse(AbstractParser.java:29) ~[jjwt-impl-0.12.5.jar:0.12.5]
	at io.jsonwebtoken.impl.DefaultJwtParser.parseSignedClaims(DefaultJwtParser.java:821) ~[jjwt-impl-0.12.5.jar:0.12.5]
	at com.rating.punctuality.rating_punctuality.services.JwtServiceImpl.extractUsername(JwtServiceImpl.java:63) ~[classes/:na]
	at com.rating.punctuality.rating_punctuality.config.JwtFilter.doFilterInternal(JwtFilter.java:45) ~[classes/:na]
	at org.springframework.web.filter.OncePerRequestFilter.doFilter(OncePerRequestFilter.java:116) ~[spring-web-6.2.11.jar:6.2.11]
	at org.springframework.security.web.FilterChainProxy$VirtualFilterChain.doFilter(FilterChainProxy.java:374) ~[spring-security-web-6.5.5.jar:6.5.5]
	at org.springframework.security.web.authentication.logout.LogoutFilter.doFilter(LogoutFilter.java:107) ~[spring-security-web-6.5.5.jar:6.5.5]
	at org.springframework.security.web.authentication.logout.LogoutFilter.doFilter(LogoutFilter.java:93) ~[spring-security-web-6.5.5.jar:6.5.5]
	at org.springframework.security.web.FilterChainProxy$VirtualFilterChain.doFilter(FilterChainProxy.java:374) ~[spring-security-web-6.5.5.jar:6.5.5]
	at org.springframework.security.web.header.HeaderWriterFilter.doHeadersAfter(HeaderWriterFilter.java:90) ~[spring-security-web-6.5.5.jar:6.5.5]
	at org.springframework.security.web.header.HeaderWriterFilter.doFilterInternal(HeaderWriterFilter.java:75) ~[spring-security-web-6.5.5.jar:6.5.5]
	at org.springframework.web.filter.OncePerRequestFilter.doFilter(OncePerRequestFilter.java:116) ~[spring-web-6.2.11.jar:6.2.11]
	at org.springframework.security.web.FilterChainProxy$VirtualFilterChain.doFilter(FilterChainProxy.java:374) ~[spring-security-web-6.5.5.jar:6.5.5]
	at org.springframework.security.web.context.SecurityContextHolderFilter.doFilter(SecurityContextHolderFilter.java:82) ~[spring-security-web-6.5.5.jar:6.5.5]
	at org.springframework.security.web.context.SecurityContextHolderFilter.doFilter(SecurityContextHolderFilter.java:69) ~[spring-security-web-6.5.5.jar:6.5.5]
	at org.springframework.security.web.FilterChainProxy$VirtualFilterChain.doFilter(FilterChainProxy.java:374) ~[spring-security-web-6.5.5.jar:6.5.5]
	at org.springframework.security.web.context.request.async.WebAsyncManagerIntegrationFilter.doFilterInternal(WebAsyncManagerIntegrationFilter.java:62) ~[spring-security-web-6.5.5.jar:6.5.5]
	at org.springframework.web.filter.OncePerRequestFilter.doFilter(OncePerRequestFilter.java:116) ~[spring-web-6.2.11.jar:6.2.11]
	at org.springframework.security.web.FilterChainProxy$VirtualFilterChain.doFilter(FilterChainProxy.java:374) ~[spring-security-web-6.5.5.jar:6.5.5]
	at org.springframework.security.web.session.DisableEncodeUrlFilter.doFilterInternal(DisableEncodeUrlFilter.java:42) ~[spring-security-web-6.5.5.jar:6.5.5]
	at org.springframework.web.filter.OncePerRequestFilter.doFilter(OncePerRequestFilter.java:116) ~[spring-web-6.2.11.jar:6.2.11]
	at org.springframework.security.web.FilterChainProxy$VirtualFilterChain.doFilter(FilterChainProxy.java:374) ~[spring-security-web-6.5.5.jar:6.5.5]
	at org.springframework.security.web.FilterChainProxy.doFilterInternal(FilterChainProxy.java:233) ~[spring-security-web-6.5.5.jar:6.5.5]
	at org.springframework.security.web.FilterChainProxy.doFilter(FilterChainProxy.java:191) ~[spring-security-web-6.5.5.jar:6.5.5]
	at org.springframework.web.filter.CompositeFilter$VirtualFilterChain.doFilter(CompositeFilter.java:113) ~[spring-web-6.2.11.jar:6.2.11]
	at org.springframework.web.filter.ServletRequestPathFilter.doFilter(ServletRequestPathFilter.java:52) ~[spring-web-6.2.11.jar:6.2.11]
	at org.springframework.web.filter.CompositeFilter$VirtualFilterChain.doFilter(CompositeFilter.java:113) ~[spring-web-6.2.11.jar:6.2.11]
	at org.springframework.web.filter.CompositeFilter.doFilter(CompositeFilter.java:74) ~[spring-web-6.2.11.jar:6.2.11]
	at org.springframework.security.config.annotation.web.configuration.WebSecurityConfiguration$CompositeFilterChainProxy.doFilter(WebSecurityConfiguration.java:319) ~[spring-security-config-6.5.5.jar:6.5.5]
	at org.springframework.web.filter.CompositeFilter$VirtualFilterChain.doFilter(CompositeFilter.java:113) ~[spring-web-6.2.11.jar:6.2.11]
	at org.springframework.web.servlet.handler.HandlerMappingIntrospector.lambda$createCacheFilter$4(HandlerMappingIntrospector.java:267) ~[spring-webmvc-6.2.11.jar:6.2.11]
	at org.springframework.web.filter.CompositeFilter$VirtualFilterChain.doFilter(CompositeFilter.java:113) ~[spring-web-6.2.11.jar:6.2.11]
	at org.springframework.web.filter.CompositeFilter.doFilter(CompositeFilter.java:74) ~[spring-web-6.2.11.jar:6.2.11]
	at org.springframework.security.config.annotation.web.configuration.WebMvcSecurityConfiguration$CompositeFilterChainProxy.doFilter(WebMvcSecurityConfiguration.java:240) ~[spring-security-config-6.5.5.jar:6.5.5]
	at org.springframework.web.filter.DelegatingFilterProxy.invokeDelegate(DelegatingFilterProxy.java:362) ~[spring-web-6.2.11.jar:6.2.11]
	at org.springframework.web.filter.DelegatingFilterProxy.doFilter(DelegatingFilterProxy.java:278) ~[spring-web-6.2.11.jar:6.2.11]
	at org.apache.catalina.core.ApplicationFilterChain.internalDoFilter(ApplicationFilterChain.java:164) ~[tomcat-embed-core-10.1.46.jar:10.1.46]
	at org.apache.catalina.core.ApplicationFilterChain.doFilter(ApplicationFilterChain.java:140) ~[tomcat-embed-core-10.1.46.jar:10.1.46]
	at org.springframework.web.filter.RequestContextFilter.doFilterInternal(RequestContextFilter.java:100) ~[spring-web-6.2.11.jar:6.2.11]
	at org.springframework.web.filter.OncePerRequestFilter.doFilter(OncePerRequestFilter.java:116) ~[spring-web-6.2.11.jar:6.2.11]
	at org.apache.catalina.core.ApplicationFilterChain.internalDoFilter(ApplicationFilterChain.java:164) ~[tomcat-embed-core-10.1.46.jar:10.1.46]
	at org.apache.catalina.core.ApplicationFilterChain.doFilter(ApplicationFilterChain.java:140) ~[tomcat-embed-core-10.1.46.jar:10.1.46]
	at org.springframework.web.filter.FormContentFilter.doFilterInternal(FormContentFilter.java:93) ~[spring-web-6.2.11.jar:6.2.11]
	at org.springframework.web.filter.OncePerRequestFilter.doFilter(OncePerRequestFilter.java:116) ~[spring-web-6.2.11.jar:6.2.11]
	at org.apache.catalina.core.ApplicationFilterChain.internalDoFilter(ApplicationFilterChain.java:164) ~[tomcat-embed-core-10.1.46.jar:10.1.46]
	at org.apache.catalina.core.ApplicationFilterChain.doFilter(ApplicationFilterChain.java:140) ~[tomcat-embed-core-10.1.46.jar:10.1.46]
	at org.springframework.web.filter.CharacterEncodingFilter.doFilterInternal(CharacterEncodingFilter.java:201) ~[spring-web-6.2.11.jar:6.2.11]
	at org.springframework.web.filter.OncePerRequestFilter.doFilter(OncePerRequestFilter.java:116) ~[spring-web-6.2.11.jar:6.2.11]
	at org.apache.catalina.core.ApplicationFilterChain.internalDoFilter(ApplicationFilterChain.java:164) ~[tomcat-embed-core-10.1.46.jar:10.1.46]
	at org.apache.catalina.core.ApplicationFilterChain.doFilter(ApplicationFilterChain.java:140) ~[tomcat-embed-core-10.1.46.jar:10.1.46]
	at org.apache.catalina.core.StandardWrapperValve.invoke(StandardWrapperValve.java:167) ~[tomcat-embed-core-10.1.46.jar:10.1.46]
	at org.apache.catalina.core.StandardContextValve.invoke(StandardContextValve.java:90) ~[tomcat-embed-core-10.1.46.jar:10.1.46]
	at org.apache.catalina.authenticator.AuthenticatorBase.invoke(AuthenticatorBase.java:483) ~[tomcat-embed-core-10.1.46.jar:10.1.46]
	at org.apache.catalina.core.StandardHostValve.invoke(StandardHostValve.java:116) ~[tomcat-embed-core-10.1.46.jar:10.1.46]
	at org.apache.catalina.valves.ErrorReportValve.invoke(ErrorReportValve.java:93) ~[tomcat-embed-core-10.1.46.jar:10.1.46]
	at org.apache.catalina.core.StandardEngineValve.invoke(StandardEngineValve.java:74) ~[tomcat-embed-core-10.1.46.jar:10.1.46]
	at org.apache.catalina.connector.CoyoteAdapter.service(CoyoteAdapter.java:344) ~[tomcat-embed-core-10.1.46.jar:10.1.46]
	at org.apache.coyote.http11.Http11Processor.service(Http11Processor.java:398) ~[tomcat-embed-core-10.1.46.jar:10.1.46]
	at org.apache.coyote.AbstractProcessorLight.process(AbstractProcessorLight.java:63) ~[tomcat-embed-core-10.1.46.jar:10.1.46]
	at org.apache.coyote.AbstractProtocol$ConnectionHandler.process(AbstractProtocol.java:903) ~[tomcat-embed-core-10.1.46.jar:10.1.46]
	at org.apache.tomcat.util.net.NioEndpoint$SocketProcessor.doRun(NioEndpoint.java:1776) ~[tomcat-embed-core-10.1.46.jar:10.1.46]
	at org.apache.tomcat.util.net.SocketProcessorBase.run(SocketProcessorBase.java:52) ~[tomcat-embed-core-10.1.46.jar:10.1.46]
	at org.apache.tomcat.util.threads.ThreadPoolExecutor.runWorker(ThreadPoolExecutor.java:975) ~[tomcat-embed-core-10.1.46.jar:10.1.46]
	at org.apache.tomcat.util.threads.ThreadPoolExecutor$Worker.run(ThreadPoolExecutor.java:493) ~[tomcat-embed-core-10.1.46.jar:10.1.46]
	at org.apache.tomcat.util.threads.TaskThread$WrappingRunnable.run(TaskThread.java:63) ~[tomcat-embed-core-10.1.46.jar:10.1.46]
	at java.base/java.lang.Thread.run(Thread.java:1583) ~[na:na]

2025-12-03T16:28:15.697+03:00 DEBUG 297634 --- [rating_punctuality] [http-nio-8080-exec-2] o.s.security.web.FilterChainProxy        : Securing GET /error
2025-12-03T16:28:15.698+03:00 DEBUG 297634 --- [rating_punctuality] [http-nio-8080-exec-2] o.s.s.w.a.AnonymousAuthenticationFilter  : Set SecurityContextHolder to anonymous SecurityContext
2025-12-03T16:28:15.700+03:00 DEBUG 297634 --- [rating_punctuality] [http-nio-8080-exec-2] o.s.security.web.FilterChainProxy        : Secured GET /error
2025-12-03T16:29:00.989+03:00 DEBUG 297634 --- [rating_punctuality] [http-nio-8080-exec-3] o.s.security.web.FilterChainProxy        : Securing POST /add-user
2025-12-03T16:29:00.992+03:00 ERROR 297634 --- [rating_punctuality] [http-nio-8080-exec-3] o.a.c.c.C.[.[.[/].[dispatcherServlet]    : Servlet.service() for servlet [dispatcherServlet] in context with path [] threw exception

io.jsonwebtoken.security.SignatureException: JWT signature does not match locally computed signature. JWT validity cannot be asserted and should not be trusted.
	at io.jsonwebtoken.impl.DefaultJwtParser.verifySignature(DefaultJwtParser.java:340) ~[jjwt-impl-0.12.5.jar:0.12.5]
	at io.jsonwebtoken.impl.DefaultJwtParser.parse(DefaultJwtParser.java:577) ~[jjwt-impl-0.12.5.jar:0.12.5]
	at io.jsonwebtoken.impl.DefaultJwtParser.parse(DefaultJwtParser.java:362) ~[jjwt-impl-0.12.5.jar:0.12.5]
	at io.jsonwebtoken.impl.DefaultJwtParser.parse(DefaultJwtParser.java:94) ~[jjwt-impl-0.12.5.jar:0.12.5]
	at io.jsonwebtoken.impl.io.AbstractParser.parse(AbstractParser.java:36) ~[jjwt-impl-0.12.5.jar:0.12.5]
	at io.jsonwebtoken.impl.io.AbstractParser.parse(AbstractParser.java:29) ~[jjwt-impl-0.12.5.jar:0.12.5]
	at io.jsonwebtoken.impl.DefaultJwtParser.parseSignedClaims(DefaultJwtParser.java:821) ~[jjwt-impl-0.12.5.jar:0.12.5]
	at com.rating.punctuality.rating_punctuality.services.JwtServiceImpl.extractUsername(JwtServiceImpl.java:63) ~[classes/:na]
	at com.rating.punctuality.rating_punctuality.config.JwtFilter.doFilterInternal(JwtFilter.java:45) ~[classes/:na]
	at org.springframework.web.filter.OncePerRequestFilter.doFilter(OncePerRequestFilter.java:116) ~[spring-web-6.2.11.jar:6.2.11]
	at org.springframework.security.web.FilterChainProxy$VirtualFilterChain.doFilter(FilterChainProxy.java:374) ~[spring-security-web-6.5.5.jar:6.5.5]
	at org.springframework.security.web.authentication.logout.LogoutFilter.doFilter(LogoutFilter.java:107) ~[spring-security-web-6.5.5.jar:6.5.5]
	at org.springframework.security.web.authentication.logout.LogoutFilter.doFilter(LogoutFilter.java:93) ~[spring-security-web-6.5.5.jar:6.5.5]
	at org.springframework.security.web.FilterChainProxy$VirtualFilterChain.doFilter(FilterChainProxy.java:374) ~[spring-security-web-6.5.5.jar:6.5.5]
	at org.springframework.security.web.header.HeaderWriterFilter.doHeadersAfter(HeaderWriterFilter.java:90) ~[spring-security-web-6.5.5.jar:6.5.5]
	at org.springframework.security.web.header.HeaderWriterFilter.doFilterInternal(HeaderWriterFilter.java:75) ~[spring-security-web-6.5.5.jar:6.5.5]
	at org.springframework.web.filter.OncePerRequestFilter.doFilter(OncePerRequestFilter.java:116) ~[spring-web-6.2.11.jar:6.2.11]
	at org.springframework.security.web.FilterChainProxy$VirtualFilterChain.doFilter(FilterChainProxy.java:374) ~[spring-security-web-6.5.5.jar:6.5.5]
	at org.springframework.security.web.context.SecurityContextHolderFilter.doFilter(SecurityContextHolderFilter.java:82) ~[spring-security-web-6.5.5.jar:6.5.5]
	at org.springframework.security.web.context.SecurityContextHolderFilter.doFilter(SecurityContextHolderFilter.java:69) ~[spring-security-web-6.5.5.jar:6.5.5]
	at org.springframework.security.web.FilterChainProxy$VirtualFilterChain.doFilter(FilterChainProxy.java:374) ~[spring-security-web-6.5.5.jar:6.5.5]
	at org.springframework.security.web.context.request.async.WebAsyncManagerIntegrationFilter.doFilterInternal(WebAsyncManagerIntegrationFilter.java:62) ~[spring-security-web-6.5.5.jar:6.5.5]
	at org.springframework.web.filter.OncePerRequestFilter.doFilter(OncePerRequestFilter.java:116) ~[spring-web-6.2.11.jar:6.2.11]
	at org.springframework.security.web.FilterChainProxy$VirtualFilterChain.doFilter(FilterChainProxy.java:374) ~[spring-security-web-6.5.5.jar:6.5.5]
	at org.springframework.security.web.session.DisableEncodeUrlFilter.doFilterInternal(DisableEncodeUrlFilter.java:42) ~[spring-security-web-6.5.5.jar:6.5.5]
	at org.springframework.web.filter.OncePerRequestFilter.doFilter(OncePerRequestFilter.java:116) ~[spring-web-6.2.11.jar:6.2.11]
	at org.springframework.security.web.FilterChainProxy$VirtualFilterChain.doFilter(FilterChainProxy.java:374) ~[spring-security-web-6.5.5.jar:6.5.5]
	at org.springframework.security.web.FilterChainProxy.doFilterInternal(FilterChainProxy.java:233) ~[spring-security-web-6.5.5.jar:6.5.5]
	at org.springframework.security.web.FilterChainProxy.doFilter(FilterChainProxy.java:191) ~[spring-security-web-6.5.5.jar:6.5.5]
	at org.springframework.web.filter.CompositeFilter$VirtualFilterChain.doFilter(CompositeFilter.java:113) ~[spring-web-6.2.11.jar:6.2.11]
	at org.springframework.web.filter.ServletRequestPathFilter.doFilter(ServletRequestPathFilter.java:52) ~[spring-web-6.2.11.jar:6.2.11]
	at org.springframework.web.filter.CompositeFilter$VirtualFilterChain.doFilter(CompositeFilter.java:113) ~[spring-web-6.2.11.jar:6.2.11]
	at org.springframework.web.filter.CompositeFilter.doFilter(CompositeFilter.java:74) ~[spring-web-6.2.11.jar:6.2.11]
	at org.springframework.security.config.annotation.web.configuration.WebSecurityConfiguration$CompositeFilterChainProxy.doFilter(WebSecurityConfiguration.java:319) ~[spring-security-config-6.5.5.jar:6.5.5]
	at org.springframework.web.filter.CompositeFilter$VirtualFilterChain.doFilter(CompositeFilter.java:113) ~[spring-web-6.2.11.jar:6.2.11]
	at org.springframework.web.servlet.handler.HandlerMappingIntrospector.lambda$createCacheFilter$4(HandlerMappingIntrospector.java:267) ~[spring-webmvc-6.2.11.jar:6.2.11]
	at org.springframework.web.filter.CompositeFilter$VirtualFilterChain.doFilter(CompositeFilter.java:113) ~[spring-web-6.2.11.jar:6.2.11]
	at org.springframework.web.filter.CompositeFilter.doFilter(CompositeFilter.java:74) ~[spring-web-6.2.11.jar:6.2.11]
	at org.springframework.security.config.annotation.web.configuration.WebMvcSecurityConfiguration$CompositeFilterChainProxy.doFilter(WebMvcSecurityConfiguration.java:240) ~[spring-security-config-6.5.5.jar:6.5.5]
	at org.springframework.web.filter.DelegatingFilterProxy.invokeDelegate(DelegatingFilterProxy.java:362) ~[spring-web-6.2.11.jar:6.2.11]
	at org.springframework.web.filter.DelegatingFilterProxy.doFilter(DelegatingFilterProxy.java:278) ~[spring-web-6.2.11.jar:6.2.11]
	at org.apache.catalina.core.ApplicationFilterChain.internalDoFilter(ApplicationFilterChain.java:164) ~[tomcat-embed-core-10.1.46.jar:10.1.46]
	at org.apache.catalina.core.ApplicationFilterChain.doFilter(ApplicationFilterChain.java:140) ~[tomcat-embed-core-10.1.46.jar:10.1.46]
	at org.springframework.web.filter.RequestContextFilter.doFilterInternal(RequestContextFilter.java:100) ~[spring-web-6.2.11.jar:6.2.11]
	at org.springframework.web.filter.OncePerRequestFilter.doFilter(OncePerRequestFilter.java:116) ~[spring-web-6.2.11.jar:6.2.11]
	at org.apache.catalina.core.ApplicationFilterChain.internalDoFilter(ApplicationFilterChain.java:164) ~[tomcat-embed-core-10.1.46.jar:10.1.46]
	at org.apache.catalina.core.ApplicationFilterChain.doFilter(ApplicationFilterChain.java:140) ~[tomcat-embed-core-10.1.46.jar:10.1.46]
	at org.springframework.web.filter.FormContentFilter.doFilterInternal(FormContentFilter.java:93) ~[spring-web-6.2.11.jar:6.2.11]
	at org.springframework.web.filter.OncePerRequestFilter.doFilter(OncePerRequestFilter.java:116) ~[spring-web-6.2.11.jar:6.2.11]
	at org.apache.catalina.core.ApplicationFilterChain.internalDoFilter(ApplicationFilterChain.java:164) ~[tomcat-embed-core-10.1.46.jar:10.1.46]
	at org.apache.catalina.core.ApplicationFilterChain.doFilter(ApplicationFilterChain.java:140) ~[tomcat-embed-core-10.1.46.jar:10.1.46]
	at org.springframework.web.filter.CharacterEncodingFilter.doFilterInternal(CharacterEncodingFilter.java:201) ~[spring-web-6.2.11.jar:6.2.11]
	at org.springframework.web.filter.OncePerRequestFilter.doFilter(OncePerRequestFilter.java:116) ~[spring-web-6.2.11.jar:6.2.11]
	at org.apache.catalina.core.ApplicationFilterChain.internalDoFilter(ApplicationFilterChain.java:164) ~[tomcat-embed-core-10.1.46.jar:10.1.46]
	at org.apache.catalina.core.ApplicationFilterChain.doFilter(ApplicationFilterChain.java:140) ~[tomcat-embed-core-10.1.46.jar:10.1.46]
	at org.apache.catalina.core.StandardWrapperValve.invoke(StandardWrapperValve.java:167) ~[tomcat-embed-core-10.1.46.jar:10.1.46]
	at org.apache.catalina.core.StandardContextValve.invoke(StandardContextValve.java:90) ~[tomcat-embed-core-10.1.46.jar:10.1.46]
	at org.apache.catalina.authenticator.AuthenticatorBase.invoke(AuthenticatorBase.java:483) ~[tomcat-embed-core-10.1.46.jar:10.1.46]
	at org.apache.catalina.core.StandardHostValve.invoke(StandardHostValve.java:116) ~[tomcat-embed-core-10.1.46.jar:10.1.46]
	at org.apache.catalina.valves.ErrorReportValve.invoke(ErrorReportValve.java:93) ~[tomcat-embed-core-10.1.46.jar:10.1.46]
	at org.apache.catalina.core.StandardEngineValve.invoke(StandardEngineValve.java:74) ~[tomcat-embed-core-10.1.46.jar:10.1.46]
	at org.apache.catalina.connector.CoyoteAdapter.service(CoyoteAdapter.java:344) ~[tomcat-embed-core-10.1.46.jar:10.1.46]
	at org.apache.coyote.http11.Http11Processor.service(Http11Processor.java:398) ~[tomcat-embed-core-10.1.46.jar:10.1.46]
	at org.apache.coyote.AbstractProcessorLight.process(AbstractProcessorLight.java:63) ~[tomcat-embed-core-10.1.46.jar:10.1.46]
	at org.apache.coyote.AbstractProtocol$ConnectionHandler.process(AbstractProtocol.java:903) ~[tomcat-embed-core-10.1.46.jar:10.1.46]
	at org.apache.tomcat.util.net.NioEndpoint$SocketProcessor.doRun(NioEndpoint.java:1776) ~[tomcat-embed-core-10.1.46.jar:10.1.46]
	at org.apache.tomcat.util.net.SocketProcessorBase.run(SocketProcessorBase.java:52) ~[tomcat-embed-core-10.1.46.jar:10.1.46]
	at org.apache.tomcat.util.threads.ThreadPoolExecutor.runWorker(ThreadPoolExecutor.java:975) ~[tomcat-embed-core-10.1.46.jar:10.1.46]
	at org.apache.tomcat.util.threads.ThreadPoolExecutor$Worker.run(ThreadPoolExecutor.java:493) ~[tomcat-embed-core-10.1.46.jar:10.1.46]
	at org.apache.tomcat.util.threads.TaskThread$WrappingRunnable.run(TaskThread.java:63) ~[tomcat-embed-core-10.1.46.jar:10.1.46]
	at java.base/java.lang.Thread.run(Thread.java:1583) ~[na:na]

2025-12-03T16:29:00.997+03:00 DEBUG 297634 --- [rating_punctuality] [http-nio-8080-exec-3] o.s.security.web.FilterChainProxy        : Securing POST /error
2025-12-03T16:29:00.998+03:00 DEBUG 297634 --- [rating_punctuality] [http-nio-8080-exec-3] o.s.s.w.a.AnonymousAuthenticationFilter  : Set SecurityContextHolder to anonymous SecurityContext
2025-12-03T16:29:00.999+03:00 DEBUG 297634 --- [rating_punctuality] [http-nio-8080-exec-3] o.s.security.web.FilterChainProxy        : Secured POST /error
2025-12-03T16:32:15.151+03:00 DEBUG 297634 --- [rating_punctuality] [http-nio-8080-exec-4] o.s.security.web.FilterChainProxy        : Securing GET /api/auth/me
2025-12-03T16:32:15.154+03:00 ERROR 297634 --- [rating_punctuality] [http-nio-8080-exec-4] o.a.c.c.C.[.[.[/].[dispatcherServlet]    : Servlet.service() for servlet [dispatcherServlet] in context with path [] threw exception

io.jsonwebtoken.security.SignatureException: JWT signature does not match locally computed signature. JWT validity cannot be asserted and should not be trusted.
	at io.jsonwebtoken.impl.DefaultJwtParser.verifySignature(DefaultJwtParser.java:340) ~[jjwt-impl-0.12.5.jar:0.12.5]
	at io.jsonwebtoken.impl.DefaultJwtParser.parse(DefaultJwtParser.java:577) ~[jjwt-impl-0.12.5.jar:0.12.5]
	at io.jsonwebtoken.impl.DefaultJwtParser.parse(DefaultJwtParser.java:362) ~[jjwt-impl-0.12.5.jar:0.12.5]
	at io.jsonwebtoken.impl.DefaultJwtParser.parse(DefaultJwtParser.java:94) ~[jjwt-impl-0.12.5.jar:0.12.5]
	at io.jsonwebtoken.impl.io.AbstractParser.parse(AbstractParser.java:36) ~[jjwt-impl-0.12.5.jar:0.12.5]
	at io.jsonwebtoken.impl.io.AbstractParser.parse(AbstractParser.java:29) ~[jjwt-impl-0.12.5.jar:0.12.5]
	at io.jsonwebtoken.impl.DefaultJwtParser.parseSignedClaims(DefaultJwtParser.java:821) ~[jjwt-impl-0.12.5.jar:0.12.5]
	at com.rating.punctuality.rating_punctuality.services.JwtServiceImpl.extractUsername(JwtServiceImpl.java:63) ~[classes/:na]
	at com.rating.punctuality.rating_punctuality.config.JwtFilter.doFilterInternal(JwtFilter.java:45) ~[classes/:na]
	at org.springframework.web.filter.OncePerRequestFilter.doFilter(OncePerRequestFilter.java:116) ~[spring-web-6.2.11.jar:6.2.11]
	at org.springframework.security.web.FilterChainProxy$VirtualFilterChain.doFilter(FilterChainProxy.java:374) ~[spring-security-web-6.5.5.jar:6.5.5]
	at org.springframework.security.web.authentication.logout.LogoutFilter.doFilter(LogoutFilter.java:107) ~[spring-security-web-6.5.5.jar:6.5.5]
	at org.springframework.security.web.authentication.logout.LogoutFilter.doFilter(LogoutFilter.java:93) ~[spring-security-web-6.5.5.jar:6.5.5]
	at org.springframework.security.web.FilterChainProxy$VirtualFilterChain.doFilter(FilterChainProxy.java:374) ~[spring-security-web-6.5.5.jar:6.5.5]
	at org.springframework.security.web.header.HeaderWriterFilter.doHeadersAfter(HeaderWriterFilter.java:90) ~[spring-security-web-6.5.5.jar:6.5.5]
	at org.springframework.security.web.header.HeaderWriterFilter.doFilterInternal(HeaderWriterFilter.java:75) ~[spring-security-web-6.5.5.jar:6.5.5]
	at org.springframework.web.filter.OncePerRequestFilter.doFilter(OncePerRequestFilter.java:116) ~[spring-web-6.2.11.jar:6.2.11]
	at org.springframework.security.web.FilterChainProxy$VirtualFilterChain.doFilter(FilterChainProxy.java:374) ~[spring-security-web-6.5.5.jar:6.5.5]
	at org.springframework.security.web.context.SecurityContextHolderFilter.doFilter(SecurityContextHolderFilter.java:82) ~[spring-security-web-6.5.5.jar:6.5.5]
	at org.springframework.security.web.context.SecurityContextHolderFilter.doFilter(SecurityContextHolderFilter.java:69) ~[spring-security-web-6.5.5.jar:6.5.5]
	at org.springframework.security.web.FilterChainProxy$VirtualFilterChain.doFilter(FilterChainProxy.java:374) ~[spring-security-web-6.5.5.jar:6.5.5]
	at org.springframework.security.web.context.request.async.WebAsyncManagerIntegrationFilter.doFilterInternal(WebAsyncManagerIntegrationFilter.java:62) ~[spring-security-web-6.5.5.jar:6.5.5]
	at org.springframework.web.filter.OncePerRequestFilter.doFilter(OncePerRequestFilter.java:116) ~[spring-web-6.2.11.jar:6.2.11]
	at org.springframework.security.web.FilterChainProxy$VirtualFilterChain.doFilter(FilterChainProxy.java:374) ~[spring-security-web-6.5.5.jar:6.5.5]
	at org.springframework.security.web.session.DisableEncodeUrlFilter.doFilterInternal(DisableEncodeUrlFilter.java:42) ~[spring-security-web-6.5.5.jar:6.5.5]
	at org.springframework.web.filter.OncePerRequestFilter.doFilter(OncePerRequestFilter.java:116) ~[spring-web-6.2.11.jar:6.2.11]
	at org.springframework.security.web.FilterChainProxy$VirtualFilterChain.doFilter(FilterChainProxy.java:374) ~[spring-security-web-6.5.5.jar:6.5.5]
	at org.springframework.security.web.FilterChainProxy.doFilterInternal(FilterChainProxy.java:233) ~[spring-security-web-6.5.5.jar:6.5.5]
	at org.springframework.security.web.FilterChainProxy.doFilter(FilterChainProxy.java:191) ~[spring-security-web-6.5.5.jar:6.5.5]
	at org.springframework.web.filter.CompositeFilter$VirtualFilterChain.doFilter(CompositeFilter.java:113) ~[spring-web-6.2.11.jar:6.2.11]
	at org.springframework.web.filter.ServletRequestPathFilter.doFilter(ServletRequestPathFilter.java:52) ~[spring-web-6.2.11.jar:6.2.11]
	at org.springframework.web.filter.CompositeFilter$VirtualFilterChain.doFilter(CompositeFilter.java:113) ~[spring-web-6.2.11.jar:6.2.11]
	at org.springframework.web.filter.CompositeFilter.doFilter(CompositeFilter.java:74) ~[spring-web-6.2.11.jar:6.2.11]
	at org.springframework.security.config.annotation.web.configuration.WebSecurityConfiguration$CompositeFilterChainProxy.doFilter(WebSecurityConfiguration.java:319) ~[spring-security-config-6.5.5.jar:6.5.5]
	at org.springframework.web.filter.CompositeFilter$VirtualFilterChain.doFilter(CompositeFilter.java:113) ~[spring-web-6.2.11.jar:6.2.11]
	at org.springframework.web.servlet.handler.HandlerMappingIntrospector.lambda$createCacheFilter$4(HandlerMappingIntrospector.java:267) ~[spring-webmvc-6.2.11.jar:6.2.11]
	at org.springframework.web.filter.CompositeFilter$VirtualFilterChain.doFilter(CompositeFilter.java:113) ~[spring-web-6.2.11.jar:6.2.11]
	at org.springframework.web.filter.CompositeFilter.doFilter(CompositeFilter.java:74) ~[spring-web-6.2.11.jar:6.2.11]
	at org.springframework.security.config.annotation.web.configuration.WebMvcSecurityConfiguration$CompositeFilterChainProxy.doFilter(WebMvcSecurityConfiguration.java:240) ~[spring-security-config-6.5.5.jar:6.5.5]
	at org.springframework.web.filter.DelegatingFilterProxy.invokeDelegate(DelegatingFilterProxy.java:362) ~[spring-web-6.2.11.jar:6.2.11]
	at org.springframework.web.filter.DelegatingFilterProxy.doFilter(DelegatingFilterProxy.java:278) ~[spring-web-6.2.11.jar:6.2.11]
	at org.apache.catalina.core.ApplicationFilterChain.internalDoFilter(ApplicationFilterChain.java:164) ~[tomcat-embed-core-10.1.46.jar:10.1.46]
	at org.apache.catalina.core.ApplicationFilterChain.doFilter(ApplicationFilterChain.java:140) ~[tomcat-embed-core-10.1.46.jar:10.1.46]
	at org.springframework.web.filter.RequestContextFilter.doFilterInternal(RequestContextFilter.java:100) ~[spring-web-6.2.11.jar:6.2.11]
	at org.springframework.web.filter.OncePerRequestFilter.doFilter(OncePerRequestFilter.java:116) ~[spring-web-6.2.11.jar:6.2.11]
	at org.apache.catalina.core.ApplicationFilterChain.internalDoFilter(ApplicationFilterChain.java:164) ~[tomcat-embed-core-10.1.46.jar:10.1.46]
	at org.apache.catalina.core.ApplicationFilterChain.doFilter(ApplicationFilterChain.java:140) ~[tomcat-embed-core-10.1.46.jar:10.1.46]
	at org.springframework.web.filter.FormContentFilter.doFilterInternal(FormContentFilter.java:93) ~[spring-web-6.2.11.jar:6.2.11]
	at org.springframework.web.filter.OncePerRequestFilter.doFilter(OncePerRequestFilter.java:116) ~[spring-web-6.2.11.jar:6.2.11]
	at org.apache.catalina.core.ApplicationFilterChain.internalDoFilter(ApplicationFilterChain.java:164) ~[tomcat-embed-core-10.1.46.jar:10.1.46]
	at org.apache.catalina.core.ApplicationFilterChain.doFilter(ApplicationFilterChain.java:140) ~[tomcat-embed-core-10.1.46.jar:10.1.46]
	at org.springframework.web.filter.CharacterEncodingFilter.doFilterInternal(CharacterEncodingFilter.java:201) ~[spring-web-6.2.11.jar:6.2.11]
	at org.springframework.web.filter.OncePerRequestFilter.doFilter(OncePerRequestFilter.java:116) ~[spring-web-6.2.11.jar:6.2.11]
	at org.apache.catalina.core.ApplicationFilterChain.internalDoFilter(ApplicationFilterChain.java:164) ~[tomcat-embed-core-10.1.46.jar:10.1.46]
	at org.apache.catalina.core.ApplicationFilterChain.doFilter(ApplicationFilterChain.java:140) ~[tomcat-embed-core-10.1.46.jar:10.1.46]
	at org.apache.catalina.core.StandardWrapperValve.invoke(StandardWrapperValve.java:167) ~[tomcat-embed-core-10.1.46.jar:10.1.46]
	at org.apache.catalina.core.StandardContextValve.invoke(StandardContextValve.java:90) ~[tomcat-embed-core-10.1.46.jar:10.1.46]
	at org.apache.catalina.authenticator.AuthenticatorBase.invoke(AuthenticatorBase.java:483) ~[tomcat-embed-core-10.1.46.jar:10.1.46]
	at org.apache.catalina.core.StandardHostValve.invoke(StandardHostValve.java:116) ~[tomcat-embed-core-10.1.46.jar:10.1.46]
	at org.apache.catalina.valves.ErrorReportValve.invoke(ErrorReportValve.java:93) ~[tomcat-embed-core-10.1.46.jar:10.1.46]
	at org.apache.catalina.core.StandardEngineValve.invoke(StandardEngineValve.java:74) ~[tomcat-embed-core-10.1.46.jar:10.1.46]
	at org.apache.catalina.connector.CoyoteAdapter.service(CoyoteAdapter.java:344) ~[tomcat-embed-core-10.1.46.jar:10.1.46]
	at org.apache.coyote.http11.Http11Processor.service(Http11Processor.java:398) ~[tomcat-embed-core-10.1.46.jar:10.1.46]
	at org.apache.coyote.AbstractProcessorLight.process(AbstractProcessorLight.java:63) ~[tomcat-embed-core-10.1.46.jar:10.1.46]
	at org.apache.coyote.AbstractProtocol$ConnectionHandler.process(AbstractProtocol.java:903) ~[tomcat-embed-core-10.1.46.jar:10.1.46]
	at org.apache.tomcat.util.net.NioEndpoint$SocketProcessor.doRun(NioEndpoint.java:1776) ~[tomcat-embed-core-10.1.46.jar:10.1.46]
	at org.apache.tomcat.util.net.SocketProcessorBase.run(SocketProcessorBase.java:52) ~[tomcat-embed-core-10.1.46.jar:10.1.46]
	at org.apache.tomcat.util.threads.ThreadPoolExecutor.runWorker(ThreadPoolExecutor.java:975) ~[tomcat-embed-core-10.1.46.jar:10.1.46]
	at org.apache.tomcat.util.threads.ThreadPoolExecutor$Worker.run(ThreadPoolExecutor.java:493) ~[tomcat-embed-core-10.1.46.jar:10.1.46]
	at org.apache.tomcat.util.threads.TaskThread$WrappingRunnable.run(TaskThread.java:63) ~[tomcat-embed-core-10.1.46.jar:10.1.46]
	at java.base/java.lang.Thread.run(Thread.java:1583) ~[na:na]

2025-12-03T16:32:15.156+03:00 DEBUG 297634 --- [rating_punctuality] [http-nio-8080-exec-4] o.s.security.web.FilterChainProxy        : Securing GET /error
2025-12-03T16:32:15.157+03:00 DEBUG 297634 --- [rating_punctuality] [http-nio-8080-exec-4] o.s.s.w.a.AnonymousAuthenticationFilter  : Set SecurityContextHolder to anonymous SecurityContext
2025-12-03T16:32:15.157+03:00 DEBUG 297634 --- [rating_punctuality] [http-nio-8080-exec-4] o.s.security.web.FilterChainProxy        : Secured GET /error
2025-12-03T16:44:11.008+03:00  INFO 297634 --- [rating_punctuality] [SpringApplicationShutdownHook] o.s.b.w.e.tomcat.GracefulShutdown        : Commencing graceful shutdown. Waiting for active requests to complete
2025-12-03T16:44:11.021+03:00  INFO 297634 --- [rating_punctuality] [tomcat-shutdown] o.s.b.w.e.tomcat.GracefulShutdown        : Graceful shutdown complete
2025-12-03T16:44:11.045+03:00  INFO 297634 --- [rating_punctuality] [SpringApplicationShutdownHook] j.LocalContainerEntityManagerFactoryBean : Closing JPA EntityManagerFactory for persistence unit 'default'
2025-12-03T16:44:11.057+03:00  INFO 297634 --- [rating_punctuality] [SpringApplicationShutdownHook] com.zaxxer.hikari.HikariDataSource       : HikariPool-1 - Shutdown initiated...
2025-12-03T16:44:11.106+03:00  INFO 297634 --- [rating_punctuality] [SpringApplicationShutdownHook] com.zaxxer.hikari.HikariDataSource       : HikariPool-1 - Shutdown completed.
2025-12-03T16:44:43.332+03:00  INFO 319765 --- [rating_punctuality] [main] c.r.p.r.RatingPunctualityApplication     : Starting RatingPunctualityApplication using Java 21.0.9 with PID 319765 (/home/vladimir/Загрузки/rating_punctuality/target/classes started by vladimir in /home/vladimir/Загрузки/rating_punctuality)
2025-12-03T16:44:43.335+03:00 DEBUG 319765 --- [rating_punctuality] [main] c.r.p.r.RatingPunctualityApplication     : Running with Spring Boot v3.5.6, Spring v6.2.11
2025-12-03T16:44:43.336+03:00  INFO 319765 --- [rating_punctuality] [main] c.r.p.r.RatingPunctualityApplication     : No active profile set, falling back to 1 default profile: "default"
2025-12-03T16:44:44.887+03:00  INFO 319765 --- [rating_punctuality] [main] .s.d.r.c.RepositoryConfigurationDelegate : Bootstrapping Spring Data JPA repositories in DEFAULT mode.
2025-12-03T16:44:45.201+03:00  INFO 319765 --- [rating_punctuality] [main] .s.d.r.c.RepositoryConfigurationDelegate : Finished Spring Data repository scanning in 278 ms. Found 4 JPA repository interfaces.
2025-12-03T16:44:46.188+03:00  INFO 319765 --- [rating_punctuality] [main] o.s.b.w.embedded.tomcat.TomcatWebServer  : Tomcat initialized with port 8080 (http)
2025-12-03T16:44:46.218+03:00  INFO 319765 --- [rating_punctuality] [main] o.apache.catalina.core.StandardService   : Starting service [Tomcat]
2025-12-03T16:44:46.219+03:00  INFO 319765 --- [rating_punctuality] [main] o.apache.catalina.core.StandardEngine    : Starting Servlet engine: [Apache Tomcat/10.1.46]
2025-12-03T16:44:46.293+03:00  INFO 319765 --- [rating_punctuality] [main] o.a.c.c.C.[Tomcat].[localhost].[/]       : Initializing Spring embedded WebApplicationContext
2025-12-03T16:44:46.294+03:00  INFO 319765 --- [rating_punctuality] [main] w.s.c.ServletWebServerApplicationContext : Root WebApplicationContext: initialization completed in 2875 ms
2025-12-03T16:44:46.538+03:00  INFO 319765 --- [rating_punctuality] [main] o.hibernate.jpa.internal.util.LogHelper  : HHH000204: Processing PersistenceUnitInfo [name: default]
2025-12-03T16:44:46.624+03:00  INFO 319765 --- [rating_punctuality] [main] org.hibernate.Version                    : HHH000412: Hibernate ORM core version 6.6.29.Final
2025-12-03T16:44:46.680+03:00  INFO 319765 --- [rating_punctuality] [main] o.h.c.internal.RegionFactoryInitiator    : HHH000026: Second-level cache disabled
2025-12-03T16:44:47.080+03:00  INFO 319765 --- [rating_punctuality] [main] o.s.o.j.p.SpringPersistenceUnitInfo      : No LoadTimeWeaver setup: ignoring JPA class transformer
2025-12-03T16:44:47.127+03:00  INFO 319765 --- [rating_punctuality] [main] com.zaxxer.hikari.HikariDataSource       : HikariPool-1 - Starting...
2025-12-03T16:44:47.601+03:00  INFO 319765 --- [rating_punctuality] [main] com.zaxxer.hikari.pool.HikariPool        : HikariPool-1 - Added connection org.postgresql.jdbc.PgConnection@95cecc5
2025-12-03T16:44:47.605+03:00  INFO 319765 --- [rating_punctuality] [main] com.zaxxer.hikari.HikariDataSource       : HikariPool-1 - Start completed.
2025-12-03T16:44:47.662+03:00  WARN 319765 --- [rating_punctuality] [main] org.hibernate.orm.deprecation            : HHH90000025: PostgreSQLDialect does not need to be specified explicitly using 'hibernate.dialect' (remove the property setting and it will be selected by default)
2025-12-03T16:44:47.696+03:00  INFO 319765 --- [rating_punctuality] [main] org.hibernate.orm.connections.pooling    : HHH10001005: Database info:
	Database JDBC URL [Connecting through datasource 'HikariDataSource (HikariPool-1)']
	Database driver: undefined/unknown
	Database version: 16.10
	Autocommit mode: undefined/unknown
	Isolation level: undefined/unknown
	Minimum pool size: undefined/unknown
	Maximum pool size: undefined/unknown
2025-12-03T16:44:49.194+03:00  INFO 319765 --- [rating_punctuality] [main] o.h.e.t.j.p.i.JtaPlatformInitiator       : HHH000489: No JTA platform available (set 'hibernate.transaction.jta.platform' to enable JTA platform integration)
2025-12-03T16:44:49.353+03:00  INFO 319765 --- [rating_punctuality] [main] j.LocalContainerEntityManagerFactoryBean : Initialized JPA EntityManagerFactory for persistence unit 'default'
2025-12-03T16:44:49.916+03:00 DEBUG 319765 --- [rating_punctuality] [main] c.r.p.r.config.JwtFilter                 : Filter 'jwtFilter' configured for use
2025-12-03T16:44:50.171+03:00  INFO 319765 --- [rating_punctuality] [main] r$InitializeUserDetailsManagerConfigurer : Global AuthenticationManager configured with UserDetailsService bean with name appUserDetailsServiceImpl
2025-12-03T16:44:50.351+03:00  WARN 319765 --- [rating_punctuality] [main] JpaBaseConfiguration$JpaWebConfiguration : spring.jpa.open-in-view is enabled by default. Therefore, database queries may be performed during view rendering. Explicitly configure spring.jpa.open-in-view to disable this warning
2025-12-03T16:44:50.759+03:00  INFO 319765 --- [rating_punctuality] [main] c.r.p.r.config.AppSecurityConfig         : SecurityFilterChain настроен для JWT
2025-12-03T16:44:50.802+03:00 DEBUG 319765 --- [rating_punctuality] [main] o.s.s.web.DefaultSecurityFilterChain     : Will secure any request with filters: DisableEncodeUrlFilter, WebAsyncManagerIntegrationFilter, SecurityContextHolderFilter, HeaderWriterFilter, LogoutFilter, JwtFilter, RequestCacheAwareFilter, SecurityContextHolderAwareRequestFilter, AnonymousAuthenticationFilter, SessionManagementFilter, ExceptionTranslationFilter, AuthorizationFilter
2025-12-03T16:44:51.205+03:00  INFO 319765 --- [rating_punctuality] [main] o.s.b.w.embedded.tomcat.TomcatWebServer  : Tomcat started on port 8080 (http) with context path '/'
2025-12-03T16:44:51.219+03:00  INFO 319765 --- [rating_punctuality] [main] c.r.p.r.RatingPunctualityApplication     : Started RatingPunctualityApplication in 8.704 seconds (process running for 9.373)
2025-12-03T16:44:51.224+03:00  INFO 319765 --- [rating_punctuality] [main] c.r.p.r.config.LocalDateInitializer      : === ВЫПОЛНЕНИЕ ПРЕДВАРИТЕЛЬНЫХ ОПЕРАЦИЙ С БАЗОЙ ===
2025-12-03T16:44:51.224+03:00  INFO 319765 --- [rating_punctuality] [main] c.r.p.r.config.LocalDateInitializer      : Начало экспорта данных...
2025-12-03T16:44:51.949+03:00  INFO 319765 --- [rating_punctuality] [main] c.r.p.r.config.LocalDateInitializer      : Файлы сохранены: directions.json и airline_punctuality.json
2025-12-03T16:44:51.950+03:00  INFO 319765 --- [rating_punctuality] [main] c.r.p.r.config.LocalDateInitializer      : Экспорт завершен. Записей в direction: 309. Записей в punctuality: 4
2025-12-03T16:44:51.950+03:00  INFO 319765 --- [rating_punctuality] [main] c.r.p.r.config.LocalDateInitializer      : === ПРЕДВАРИТЕЛЬНЫЕ ОПЕРАЦИИ ЗАВЕРШЕНЫ ===
2025-12-03T16:44:53.898+03:00  INFO 319765 --- [rating_punctuality] [http-nio-8080-exec-1] o.a.c.c.C.[Tomcat].[localhost].[/]       : Initializing Spring DispatcherServlet 'dispatcherServlet'
2025-12-03T16:44:53.898+03:00  INFO 319765 --- [rating_punctuality] [http-nio-8080-exec-1] o.s.web.servlet.DispatcherServlet        : Initializing Servlet 'dispatcherServlet'
2025-12-03T16:44:53.901+03:00  INFO 319765 --- [rating_punctuality] [http-nio-8080-exec-1] o.s.web.servlet.DispatcherServlet        : Completed initialization in 3 ms
2025-12-03T16:44:53.937+03:00 DEBUG 319765 --- [rating_punctuality] [http-nio-8080-exec-1] o.s.security.web.FilterChainProxy        : Securing POST /api/auth/login
2025-12-03T16:44:53.949+03:00 DEBUG 319765 --- [rating_punctuality] [http-nio-8080-exec-1] o.s.s.w.a.AnonymousAuthenticationFilter  : Set SecurityContextHolder to anonymous SecurityContext
2025-12-03T16:44:53.953+03:00 DEBUG 319765 --- [rating_punctuality] [http-nio-8080-exec-1] o.s.security.web.FilterChainProxy        : Secured POST /api/auth/login
2025-12-03T16:44:54.115+03:00  INFO 319765 --- [rating_punctuality] [http-nio-8080-exec-1] c.r.p.r.controller.AuthController        : Попытка входа: admin
2025-12-03T16:44:54.796+03:00 DEBUG 319765 --- [rating_punctuality] [http-nio-8080-exec-1] o.s.s.a.dao.DaoAuthenticationProvider    : Authenticated user
2025-12-03T16:44:54.989+03:00  INFO 319765 --- [rating_punctuality] [http-nio-8080-exec-1] c.r.p.r.controller.AuthController        : Успешный вход: admin
2025-12-03T16:46:11.222+03:00 DEBUG 319765 --- [rating_punctuality] [http-nio-8080-exec-2] o.s.security.web.FilterChainProxy        : Securing POST /add-user
2025-12-03T16:46:11.338+03:00 DEBUG 319765 --- [rating_punctuality] [http-nio-8080-exec-2] o.s.security.web.FilterChainProxy        : Secured POST /add-user
2025-12-03T16:46:11.358+03:00 DEBUG 319765 --- [rating_punctuality] [http-nio-8080-exec-2] o.s.security.web.FilterChainProxy        : Securing POST /error
2025-12-03T16:46:11.358+03:00 DEBUG 319765 --- [rating_punctuality] [http-nio-8080-exec-2] o.s.security.web.FilterChainProxy        : Secured POST /error
2025-12-03T16:46:11.373+03:00 DEBUG 319765 --- [rating_punctuality] [http-nio-8080-exec-2] o.s.s.w.a.AnonymousAuthenticationFilter  : Set SecurityContextHolder to anonymous SecurityContext
2025-12-03T16:54:23.416+03:00 DEBUG 319765 --- [rating_punctuality] [http-nio-8080-exec-4] o.s.security.web.FilterChainProxy        : Securing GET /api/auth/me
2025-12-03T16:54:23.489+03:00 DEBUG 319765 --- [rating_punctuality] [http-nio-8080-exec-4] o.s.security.web.FilterChainProxy        : Secured GET /api/auth/me
2025-12-03T16:55:59.150+03:00  INFO 319765 --- [rating_punctuality] [SpringApplicationShutdownHook] o.s.b.w.e.tomcat.GracefulShutdown        : Commencing graceful shutdown. Waiting for active requests to complete
2025-12-03T16:55:59.184+03:00  INFO 319765 --- [rating_punctuality] [tomcat-shutdown] o.s.b.w.e.tomcat.GracefulShutdown        : Graceful shutdown complete
2025-12-03T16:55:59.230+03:00  INFO 319765 --- [rating_punctuality] [SpringApplicationShutdownHook] j.LocalContainerEntityManagerFactoryBean : Closing JPA EntityManagerFactory for persistence unit 'default'
2025-12-03T16:55:59.273+03:00  INFO 319765 --- [rating_punctuality] [SpringApplicationShutdownHook] com.zaxxer.hikari.HikariDataSource       : HikariPool-1 - Shutdown initiated...
2025-12-03T16:55:59.384+03:00  INFO 319765 --- [rating_punctuality] [SpringApplicationShutdownHook] com.zaxxer.hikari.HikariDataSource       : HikariPool-1 - Shutdown completed.
2025-12-03T16:56:01.073+03:00  INFO 332934 --- [rating_punctuality] [main] c.r.p.r.RatingPunctualityApplication     : Starting RatingPunctualityApplication using Java 21.0.9 with PID 332934 (/home/vladimir/Загрузки/rating_punctuality/target/classes started by vladimir in /home/vladimir/Загрузки/rating_punctuality)
2025-12-03T16:56:01.076+03:00 DEBUG 332934 --- [rating_punctuality] [main] c.r.p.r.RatingPunctualityApplication     : Running with Spring Boot v3.5.6, Spring v6.2.11
2025-12-03T16:56:01.078+03:00  INFO 332934 --- [rating_punctuality] [main] c.r.p.r.RatingPunctualityApplication     : No active profile set, falling back to 1 default profile: "default"
2025-12-03T16:56:02.516+03:00  INFO 332934 --- [rating_punctuality] [main] .s.d.r.c.RepositoryConfigurationDelegate : Bootstrapping Spring Data JPA repositories in DEFAULT mode.
2025-12-03T16:56:02.650+03:00  INFO 332934 --- [rating_punctuality] [main] .s.d.r.c.RepositoryConfigurationDelegate : Finished Spring Data repository scanning in 108 ms. Found 4 JPA repository interfaces.
2025-12-03T16:56:03.649+03:00  INFO 332934 --- [rating_punctuality] [main] o.s.b.w.embedded.tomcat.TomcatWebServer  : Tomcat initialized with port 8080 (http)
2025-12-03T16:56:03.678+03:00  INFO 332934 --- [rating_punctuality] [main] o.apache.catalina.core.StandardService   : Starting service [Tomcat]
2025-12-03T16:56:03.679+03:00  INFO 332934 --- [rating_punctuality] [main] o.apache.catalina.core.StandardEngine    : Starting Servlet engine: [Apache Tomcat/10.1.46]
2025-12-03T16:56:03.764+03:00  INFO 332934 --- [rating_punctuality] [main] o.a.c.c.C.[Tomcat].[localhost].[/]       : Initializing Spring embedded WebApplicationContext
2025-12-03T16:56:03.765+03:00  INFO 332934 --- [rating_punctuality] [main] w.s.c.ServletWebServerApplicationContext : Root WebApplicationContext: initialization completed in 2588 ms
2025-12-03T16:56:04.010+03:00  INFO 332934 --- [rating_punctuality] [main] o.hibernate.jpa.internal.util.LogHelper  : HHH000204: Processing PersistenceUnitInfo [name: default]
2025-12-03T16:56:04.103+03:00  INFO 332934 --- [rating_punctuality] [main] org.hibernate.Version                    : HHH000412: Hibernate ORM core version 6.6.29.Final
2025-12-03T16:56:04.161+03:00  INFO 332934 --- [rating_punctuality] [main] o.h.c.internal.RegionFactoryInitiator    : HHH000026: Second-level cache disabled
2025-12-03T16:56:04.589+03:00  INFO 332934 --- [rating_punctuality] [main] o.s.o.j.p.SpringPersistenceUnitInfo      : No LoadTimeWeaver setup: ignoring JPA class transformer
2025-12-03T16:56:04.634+03:00  INFO 332934 --- [rating_punctuality] [main] com.zaxxer.hikari.HikariDataSource       : HikariPool-1 - Starting...
2025-12-03T16:56:05.253+03:00  INFO 332934 --- [rating_punctuality] [main] com.zaxxer.hikari.pool.HikariPool        : HikariPool-1 - Added connection org.postgresql.jdbc.PgConnection@38929da
2025-12-03T16:56:05.257+03:00  INFO 332934 --- [rating_punctuality] [main] com.zaxxer.hikari.HikariDataSource       : HikariPool-1 - Start completed.
2025-12-03T16:56:05.315+03:00  WARN 332934 --- [rating_punctuality] [main] org.hibernate.orm.deprecation            : HHH90000025: PostgreSQLDialect does not need to be specified explicitly using 'hibernate.dialect' (remove the property setting and it will be selected by default)
2025-12-03T16:56:05.345+03:00  INFO 332934 --- [rating_punctuality] [main] org.hibernate.orm.connections.pooling    : HHH10001005: Database info:
	Database JDBC URL [Connecting through datasource 'HikariDataSource (HikariPool-1)']
	Database driver: undefined/unknown
	Database version: 16.10
	Autocommit mode: undefined/unknown
	Isolation level: undefined/unknown
	Minimum pool size: undefined/unknown
	Maximum pool size: undefined/unknown
2025-12-03T16:56:06.794+03:00  INFO 332934 --- [rating_punctuality] [main] o.h.e.t.j.p.i.JtaPlatformInitiator       : HHH000489: No JTA platform available (set 'hibernate.transaction.jta.platform' to enable JTA platform integration)
2025-12-03T16:56:06.948+03:00  INFO 332934 --- [rating_punctuality] [main] j.LocalContainerEntityManagerFactoryBean : Initialized JPA EntityManagerFactory for persistence unit 'default'
2025-12-03T16:56:07.382+03:00 DEBUG 332934 --- [rating_punctuality] [main] c.r.p.r.config.JwtFilter                 : Filter 'jwtFilter' configured for use
2025-12-03T16:56:07.550+03:00  INFO 332934 --- [rating_punctuality] [main] r$InitializeUserDetailsManagerConfigurer : Global AuthenticationManager configured with UserDetailsService bean with name appUserDetailsServiceImpl
2025-12-03T16:56:07.750+03:00  WARN 332934 --- [rating_punctuality] [main] JpaBaseConfiguration$JpaWebConfiguration : spring.jpa.open-in-view is enabled by default. Therefore, database queries may be performed during view rendering. Explicitly configure spring.jpa.open-in-view to disable this warning
2025-12-03T16:56:08.166+03:00  INFO 332934 --- [rating_punctuality] [main] c.r.p.r.config.AppSecurityConfig         : SecurityFilterChain настроен для JWT
2025-12-03T16:56:08.210+03:00 DEBUG 332934 --- [rating_punctuality] [main] o.s.s.web.DefaultSecurityFilterChain     : Will secure any request with filters: DisableEncodeUrlFilter, WebAsyncManagerIntegrationFilter, SecurityContextHolderFilter, HeaderWriterFilter, LogoutFilter, JwtFilter, RequestCacheAwareFilter, SecurityContextHolderAwareRequestFilter, AnonymousAuthenticationFilter, SessionManagementFilter, ExceptionTranslationFilter, AuthorizationFilter
2025-12-03T16:56:08.611+03:00  INFO 332934 --- [rating_punctuality] [main] o.s.b.w.embedded.tomcat.TomcatWebServer  : Tomcat started on port 8080 (http) with context path '/'
2025-12-03T16:56:08.627+03:00  INFO 332934 --- [rating_punctuality] [main] c.r.p.r.RatingPunctualityApplication     : Started RatingPunctualityApplication in 8.415 seconds (process running for 9.006)
2025-12-03T16:56:08.632+03:00  INFO 332934 --- [rating_punctuality] [main] c.r.p.r.config.LocalDateInitializer      : === ВЫПОЛНЕНИЕ ПРЕДВАРИТЕЛЬНЫХ ОПЕРАЦИЙ С БАЗОЙ ===
2025-12-03T16:56:08.632+03:00  INFO 332934 --- [rating_punctuality] [main] c.r.p.r.config.LocalDateInitializer      : Начало экспорта данных...
2025-12-03T16:56:09.408+03:00  INFO 332934 --- [rating_punctuality] [main] c.r.p.r.config.LocalDateInitializer      : Файлы сохранены: directions.json и airline_punctuality.json
2025-12-03T16:56:09.409+03:00  INFO 332934 --- [rating_punctuality] [main] c.r.p.r.config.LocalDateInitializer      : Экспорт завершен. Записей в direction: 309. Записей в punctuality: 4
2025-12-03T16:56:09.409+03:00  INFO 332934 --- [rating_punctuality] [main] c.r.p.r.config.LocalDateInitializer      : === ПРЕДВАРИТЕЛЬНЫЕ ОПЕРАЦИИ ЗАВЕРШЕНЫ ===
2025-12-03T16:56:12.411+03:00  INFO 332934 --- [rating_punctuality] [http-nio-8080-exec-1] o.a.c.c.C.[Tomcat].[localhost].[/]       : Initializing Spring DispatcherServlet 'dispatcherServlet'
2025-12-03T16:56:12.411+03:00  INFO 332934 --- [rating_punctuality] [http-nio-8080-exec-1] o.s.web.servlet.DispatcherServlet        : Initializing Servlet 'dispatcherServlet'
2025-12-03T16:56:12.414+03:00  INFO 332934 --- [rating_punctuality] [http-nio-8080-exec-1] o.s.web.servlet.DispatcherServlet        : Completed initialization in 2 ms
2025-12-03T16:56:12.448+03:00 DEBUG 332934 --- [rating_punctuality] [http-nio-8080-exec-1] o.s.security.web.FilterChainProxy        : Securing GET /api/auth/me
2025-12-03T16:56:12.843+03:00 DEBUG 332934 --- [rating_punctuality] [http-nio-8080-exec-1] o.s.security.web.FilterChainProxy        : Secured GET /api/auth/me
2025-12-03T16:56:23.879+03:00 DEBUG 332934 --- [rating_punctuality] [http-nio-8080-exec-2] o.s.security.web.FilterChainProxy        : Securing POST /api/auth/login
2025-12-03T16:56:23.880+03:00 DEBUG 332934 --- [rating_punctuality] [http-nio-8080-exec-2] o.s.s.w.a.AnonymousAuthenticationFilter  : Set SecurityContextHolder to anonymous SecurityContext
2025-12-03T16:56:23.881+03:00 DEBUG 332934 --- [rating_punctuality] [http-nio-8080-exec-2] o.s.security.web.FilterChainProxy        : Secured POST /api/auth/login
2025-12-03T16:56:23.989+03:00  INFO 332934 --- [rating_punctuality] [http-nio-8080-exec-2] c.r.p.r.controller.AuthController        : Попытка входа: admin
2025-12-03T16:56:24.399+03:00 DEBUG 332934 --- [rating_punctuality] [http-nio-8080-exec-2] o.s.s.a.dao.DaoAuthenticationProvider    : Authenticated user
2025-12-03T16:56:24.427+03:00  INFO 332934 --- [rating_punctuality] [http-nio-8080-exec-2] c.r.p.r.controller.AuthController        : Успешный вход: admin
2025-12-03T16:56:38.970+03:00 DEBUG 332934 --- [rating_punctuality] [http-nio-8080-exec-4] o.s.security.web.FilterChainProxy        : Securing GET /api/auth/me
2025-12-03T16:56:39.002+03:00 DEBUG 332934 --- [rating_punctuality] [http-nio-8080-exec-4] o.s.security.web.FilterChainProxy        : Secured GET /api/auth/me
2025-12-03T16:57:13.699+03:00  INFO 332934 --- [rating_punctuality] [SpringApplicationShutdownHook] o.s.b.w.e.tomcat.GracefulShutdown        : Commencing graceful shutdown. Waiting for active requests to complete
2025-12-03T16:57:13.704+03:00  INFO 332934 --- [rating_punctuality] [tomcat-shutdown] o.s.b.w.e.tomcat.GracefulShutdown        : Graceful shutdown complete
2025-12-03T16:57:13.715+03:00  INFO 332934 --- [rating_punctuality] [SpringApplicationShutdownHook] j.LocalContainerEntityManagerFactoryBean : Closing JPA EntityManagerFactory for persistence unit 'default'
2025-12-03T16:57:13.719+03:00  INFO 332934 --- [rating_punctuality] [SpringApplicationShutdownHook] com.zaxxer.hikari.HikariDataSource       : HikariPool-1 - Shutdown initiated...
2025-12-03T16:57:13.750+03:00  INFO 332934 --- [rating_punctuality] [SpringApplicationShutdownHook] com.zaxxer.hikari.HikariDataSource       : HikariPool-1 - Shutdown completed.
2025-12-03T16:57:17.711+03:00  INFO 334617 --- [rating_punctuality] [main] c.r.p.r.RatingPunctualityApplication     : Starting RatingPunctualityApplication using Java 21.0.9 with PID 334617 (/home/vladimir/Загрузки/rating_punctuality/target/classes started by vladimir in /home/vladimir/Загрузки/rating_punctuality)
2025-12-03T16:57:17.714+03:00 DEBUG 334617 --- [rating_punctuality] [main] c.r.p.r.RatingPunctualityApplication     : Running with Spring Boot v3.5.6, Spring v6.2.11
2025-12-03T16:57:17.715+03:00  INFO 334617 --- [rating_punctuality] [main] c.r.p.r.RatingPunctualityApplication     : No active profile set, falling back to 1 default profile: "default"
2025-12-03T16:57:19.031+03:00  INFO 334617 --- [rating_punctuality] [main] .s.d.r.c.RepositoryConfigurationDelegate : Bootstrapping Spring Data JPA repositories in DEFAULT mode.
2025-12-03T16:57:19.195+03:00  INFO 334617 --- [rating_punctuality] [main] .s.d.r.c.RepositoryConfigurationDelegate : Finished Spring Data repository scanning in 146 ms. Found 4 JPA repository interfaces.
2025-12-03T16:57:20.579+03:00  INFO 334617 --- [rating_punctuality] [main] o.s.b.w.embedded.tomcat.TomcatWebServer  : Tomcat initialized with port 8080 (http)
2025-12-03T16:57:20.652+03:00  INFO 334617 --- [rating_punctuality] [main] o.apache.catalina.core.StandardService   : Starting service [Tomcat]
2025-12-03T16:57:20.655+03:00  INFO 334617 --- [rating_punctuality] [main] o.apache.catalina.core.StandardEngine    : Starting Servlet engine: [Apache Tomcat/10.1.46]
2025-12-03T16:57:20.860+03:00  INFO 334617 --- [rating_punctuality] [main] o.a.c.c.C.[Tomcat].[localhost].[/]       : Initializing Spring embedded WebApplicationContext
2025-12-03T16:57:20.861+03:00  INFO 334617 --- [rating_punctuality] [main] w.s.c.ServletWebServerApplicationContext : Root WebApplicationContext: initialization completed in 3070 ms
2025-12-03T16:57:21.112+03:00  INFO 334617 --- [rating_punctuality] [main] o.hibernate.jpa.internal.util.LogHelper  : HHH000204: Processing PersistenceUnitInfo [name: default]
2025-12-03T16:57:21.209+03:00  INFO 334617 --- [rating_punctuality] [main] org.hibernate.Version                    : HHH000412: Hibernate ORM core version 6.6.29.Final
2025-12-03T16:57:21.276+03:00  INFO 334617 --- [rating_punctuality] [main] o.h.c.internal.RegionFactoryInitiator    : HHH000026: Second-level cache disabled
2025-12-03T16:57:21.792+03:00  INFO 334617 --- [rating_punctuality] [main] o.s.o.j.p.SpringPersistenceUnitInfo      : No LoadTimeWeaver setup: ignoring JPA class transformer
2025-12-03T16:57:21.847+03:00  INFO 334617 --- [rating_punctuality] [main] com.zaxxer.hikari.HikariDataSource       : HikariPool-1 - Starting...
2025-12-03T16:57:22.491+03:00  INFO 334617 --- [rating_punctuality] [main] com.zaxxer.hikari.pool.HikariPool        : HikariPool-1 - Added connection org.postgresql.jdbc.PgConnection@48b3b1b8
2025-12-03T16:57:22.495+03:00  INFO 334617 --- [rating_punctuality] [main] com.zaxxer.hikari.HikariDataSource       : HikariPool-1 - Start completed.
2025-12-03T16:57:22.564+03:00  WARN 334617 --- [rating_punctuality] [main] org.hibernate.orm.deprecation            : HHH90000025: PostgreSQLDialect does not need to be specified explicitly using 'hibernate.dialect' (remove the property setting and it will be selected by default)
2025-12-03T16:57:22.601+03:00  INFO 334617 --- [rating_punctuality] [main] org.hibernate.orm.connections.pooling    : HHH10001005: Database info:
	Database JDBC URL [Connecting through datasource 'HikariDataSource (HikariPool-1)']
	Database driver: undefined/unknown
	Database version: 16.10
	Autocommit mode: undefined/unknown
	Isolation level: undefined/unknown
	Minimum pool size: undefined/unknown
	Maximum pool size: undefined/unknown
2025-12-03T16:57:24.034+03:00  INFO 334617 --- [rating_punctuality] [main] o.h.e.t.j.p.i.JtaPlatformInitiator       : HHH000489: No JTA platform available (set 'hibernate.transaction.jta.platform' to enable JTA platform integration)
2025-12-03T16:57:24.141+03:00  INFO 334617 --- [rating_punctuality] [main] j.LocalContainerEntityManagerFactoryBean : Initialized JPA EntityManagerFactory for persistence unit 'default'
2025-12-03T16:57:24.577+03:00 DEBUG 334617 --- [rating_punctuality] [main] c.r.p.r.config.JwtFilter                 : Filter 'jwtFilter' configured for use
2025-12-03T16:57:24.742+03:00  INFO 334617 --- [rating_punctuality] [main] r$InitializeUserDetailsManagerConfigurer : Global AuthenticationManager configured with UserDetailsService bean with name appUserDetailsServiceImpl
2025-12-03T16:57:25.020+03:00  WARN 334617 --- [rating_punctuality] [main] JpaBaseConfiguration$JpaWebConfiguration : spring.jpa.open-in-view is enabled by default. Therefore, database queries may be performed during view rendering. Explicitly configure spring.jpa.open-in-view to disable this warning
2025-12-03T16:57:25.614+03:00  INFO 334617 --- [rating_punctuality] [main] c.r.p.r.config.AppSecurityConfig         : SecurityFilterChain настроен для JWT
2025-12-03T16:57:25.665+03:00 DEBUG 334617 --- [rating_punctuality] [main] o.s.s.web.DefaultSecurityFilterChain     : Will secure any request with filters: DisableEncodeUrlFilter, WebAsyncManagerIntegrationFilter, SecurityContextHolderFilter, HeaderWriterFilter, LogoutFilter, JwtFilter, RequestCacheAwareFilter, SecurityContextHolderAwareRequestFilter, AnonymousAuthenticationFilter, SessionManagementFilter, ExceptionTranslationFilter, AuthorizationFilter
2025-12-03T16:57:26.095+03:00  INFO 334617 --- [rating_punctuality] [main] o.s.b.w.embedded.tomcat.TomcatWebServer  : Tomcat started on port 8080 (http) with context path '/'
2025-12-03T16:57:26.116+03:00  INFO 334617 --- [rating_punctuality] [main] c.r.p.r.RatingPunctualityApplication     : Started RatingPunctualityApplication in 9.282 seconds (process running for 10.035)
2025-12-03T16:57:26.125+03:00  INFO 334617 --- [rating_punctuality] [main] c.r.p.r.config.LocalDateInitializer      : === ВЫПОЛНЕНИЕ ПРЕДВАРИТЕЛЬНЫХ ОПЕРАЦИЙ С БАЗОЙ ===
2025-12-03T16:57:26.126+03:00  INFO 334617 --- [rating_punctuality] [main] c.r.p.r.config.LocalDateInitializer      : Начало экспорта данных...
2025-12-03T16:57:26.715+03:00  INFO 334617 --- [rating_punctuality] [main] c.r.p.r.config.LocalDateInitializer      : Файлы сохранены: directions.json и airline_punctuality.json
2025-12-03T16:57:26.715+03:00  INFO 334617 --- [rating_punctuality] [main] c.r.p.r.config.LocalDateInitializer      : Экспорт завершен. Записей в direction: 309. Записей в punctuality: 4
2025-12-03T16:57:26.716+03:00  INFO 334617 --- [rating_punctuality] [main] c.r.p.r.config.LocalDateInitializer      : === ПРЕДВАРИТЕЛЬНЫЕ ОПЕРАЦИИ ЗАВЕРШЕНЫ ===
2025-12-03T16:57:28.770+03:00  INFO 334617 --- [rating_punctuality] [http-nio-8080-exec-1] o.a.c.c.C.[Tomcat].[localhost].[/]       : Initializing Spring DispatcherServlet 'dispatcherServlet'
2025-12-03T16:57:28.770+03:00  INFO 334617 --- [rating_punctuality] [http-nio-8080-exec-1] o.s.web.servlet.DispatcherServlet        : Initializing Servlet 'dispatcherServlet'
2025-12-03T16:57:28.772+03:00  INFO 334617 --- [rating_punctuality] [http-nio-8080-exec-1] o.s.web.servlet.DispatcherServlet        : Completed initialization in 2 ms
2025-12-03T16:57:28.793+03:00 DEBUG 334617 --- [rating_punctuality] [http-nio-8080-exec-1] o.s.security.web.FilterChainProxy        : Securing GET /api/auth/me
2025-12-03T16:57:29.107+03:00 DEBUG 334617 --- [rating_punctuality] [http-nio-8080-exec-1] o.s.security.web.FilterChainProxy        : Secured GET /api/auth/me
2025-12-03T16:57:40.767+03:00 DEBUG 334617 --- [rating_punctuality] [http-nio-8080-exec-2] o.s.security.web.FilterChainProxy        : Securing POST /api/auth/login
2025-12-03T16:57:40.770+03:00 DEBUG 334617 --- [rating_punctuality] [http-nio-8080-exec-2] o.s.s.w.a.AnonymousAuthenticationFilter  : Set SecurityContextHolder to anonymous SecurityContext
2025-12-03T16:57:40.771+03:00 DEBUG 334617 --- [rating_punctuality] [http-nio-8080-exec-2] o.s.security.web.FilterChainProxy        : Secured POST /api/auth/login
2025-12-03T16:57:40.939+03:00  INFO 334617 --- [rating_punctuality] [http-nio-8080-exec-2] c.r.p.r.controller.AuthController        : Попытка входа: admin
2025-12-03T16:57:41.345+03:00 DEBUG 334617 --- [rating_punctuality] [http-nio-8080-exec-2] o.s.s.a.dao.DaoAuthenticationProvider    : Authenticated user
2025-12-03T16:57:41.362+03:00  INFO 334617 --- [rating_punctuality] [http-nio-8080-exec-2] c.r.p.r.controller.AuthController        : Успешный вход: admin
2025-12-03T16:58:05.889+03:00 DEBUG 334617 --- [rating_punctuality] [http-nio-8080-exec-4] o.s.security.web.FilterChainProxy        : Securing GET /api/auth/me
2025-12-03T16:58:05.910+03:00 DEBUG 334617 --- [rating_punctuality] [http-nio-8080-exec-4] o.s.security.web.FilterChainProxy        : Secured GET /api/auth/me
2025-12-03T16:58:16.560+03:00 DEBUG 334617 --- [rating_punctuality] [http-nio-8080-exec-6] o.s.security.web.FilterChainProxy        : Securing GET /api/auth/me
2025-12-03T16:58:16.577+03:00 DEBUG 334617 --- [rating_punctuality] [http-nio-8080-exec-6] o.s.security.web.FilterChainProxy        : Secured GET /api/auth/me
2025-12-03T16:58:17.927+03:00 DEBUG 334617 --- [rating_punctuality] [http-nio-8080-exec-8] o.s.security.web.FilterChainProxy        : Securing GET /api/auth/me
2025-12-03T16:58:17.947+03:00 DEBUG 334617 --- [rating_punctuality] [http-nio-8080-exec-8] o.s.security.web.FilterChainProxy        : Secured GET /api/auth/me
2025-12-03T16:58:18.984+03:00 DEBUG 334617 --- [rating_punctuality] [http-nio-8080-exec-10] o.s.security.web.FilterChainProxy        : Securing GET /api/auth/me
2025-12-03T16:58:19.011+03:00 DEBUG 334617 --- [rating_punctuality] [http-nio-8080-exec-10] o.s.security.web.FilterChainProxy        : Secured GET /api/auth/me
2025-12-03T16:58:19.736+03:00 DEBUG 334617 --- [rating_punctuality] [http-nio-8080-exec-1] o.s.security.web.FilterChainProxy        : Securing GET /api/auth/me
2025-12-03T16:58:19.746+03:00 DEBUG 334617 --- [rating_punctuality] [http-nio-8080-exec-1] o.s.security.web.FilterChainProxy        : Secured GET /api/auth/me
2025-12-03T16:58:20.452+03:00 DEBUG 334617 --- [rating_punctuality] [http-nio-8080-exec-3] o.s.security.web.FilterChainProxy        : Securing GET /api/auth/me
2025-12-03T16:58:20.462+03:00 DEBUG 334617 --- [rating_punctuality] [http-nio-8080-exec-3] o.s.security.web.FilterChainProxy        : Secured GET /api/auth/me
2025-12-03T16:58:21.176+03:00 DEBUG 334617 --- [rating_punctuality] [http-nio-8080-exec-5] o.s.security.web.FilterChainProxy        : Securing GET /api/auth/me
2025-12-03T16:58:21.192+03:00 DEBUG 334617 --- [rating_punctuality] [http-nio-8080-exec-5] o.s.security.web.FilterChainProxy        : Secured GET /api/auth/me
2025-12-03T16:58:22.114+03:00 DEBUG 334617 --- [rating_punctuality] [http-nio-8080-exec-7] o.s.security.web.FilterChainProxy        : Securing GET /api/auth/me
2025-12-03T16:58:22.130+03:00 DEBUG 334617 --- [rating_punctuality] [http-nio-8080-exec-7] o.s.security.web.FilterChainProxy        : Secured GET /api/auth/me
2025-12-03T16:58:22.741+03:00 DEBUG 334617 --- [rating_punctuality] [http-nio-8080-exec-8] o.s.security.web.FilterChainProxy        : Securing GET /api/auth/me
2025-12-03T16:58:22.768+03:00 DEBUG 334617 --- [rating_punctuality] [http-nio-8080-exec-8] o.s.security.web.FilterChainProxy        : Secured GET /api/auth/me
2025-12-03T16:58:23.301+03:00 DEBUG 334617 --- [rating_punctuality] [http-nio-8080-exec-9] o.s.security.web.FilterChainProxy        : Securing GET /api/auth/me
2025-12-03T16:58:23.318+03:00 DEBUG 334617 --- [rating_punctuality] [http-nio-8080-exec-9] o.s.security.web.FilterChainProxy        : Secured GET /api/auth/me
2025-12-03T16:58:23.885+03:00 DEBUG 334617 --- [rating_punctuality] [http-nio-8080-exec-1] o.s.security.web.FilterChainProxy        : Securing GET /api/auth/me
2025-12-03T16:58:23.901+03:00 DEBUG 334617 --- [rating_punctuality] [http-nio-8080-exec-1] o.s.security.web.FilterChainProxy        : Secured GET /api/auth/me
2025-12-03T16:58:24.456+03:00 DEBUG 334617 --- [rating_punctuality] [http-nio-8080-exec-2] o.s.security.web.FilterChainProxy        : Securing GET /api/auth/me
2025-12-03T16:58:24.473+03:00 DEBUG 334617 --- [rating_punctuality] [http-nio-8080-exec-2] o.s.security.web.FilterChainProxy        : Secured GET /api/auth/me
2025-12-03T16:58:25.106+03:00 DEBUG 334617 --- [rating_punctuality] [http-nio-8080-exec-4] o.s.security.web.FilterChainProxy        : Securing GET /api/auth/me
2025-12-03T16:58:25.120+03:00 DEBUG 334617 --- [rating_punctuality] [http-nio-8080-exec-4] o.s.security.web.FilterChainProxy        : Secured GET /api/auth/me
2025-12-03T16:58:25.822+03:00 DEBUG 334617 --- [rating_punctuality] [http-nio-8080-exec-6] o.s.security.web.FilterChainProxy        : Securing GET /api/auth/me
2025-12-03T16:58:25.841+03:00 DEBUG 334617 --- [rating_punctuality] [http-nio-8080-exec-6] o.s.security.web.FilterChainProxy        : Secured GET /api/auth/me
2025-12-03T16:58:27.018+03:00 DEBUG 334617 --- [rating_punctuality] [http-nio-8080-exec-7] o.s.security.web.FilterChainProxy        : Securing GET /api/auth/me
2025-12-03T16:58:27.035+03:00 DEBUG 334617 --- [rating_punctuality] [http-nio-8080-exec-7] o.s.security.web.FilterChainProxy        : Secured GET /api/auth/me
2025-12-03T16:58:27.778+03:00 DEBUG 334617 --- [rating_punctuality] [http-nio-8080-exec-9] o.s.security.web.FilterChainProxy        : Securing GET /api/auth/me
2025-12-03T16:58:27.786+03:00 DEBUG 334617 --- [rating_punctuality] [http-nio-8080-exec-9] o.s.security.web.FilterChainProxy        : Secured GET /api/auth/me
2025-12-03T16:58:28.516+03:00 DEBUG 334617 --- [rating_punctuality] [http-nio-8080-exec-1] o.s.security.web.FilterChainProxy        : Securing GET /api/auth/me
2025-12-03T16:58:28.537+03:00 DEBUG 334617 --- [rating_punctuality] [http-nio-8080-exec-1] o.s.security.web.FilterChainProxy        : Secured GET /api/auth/me
2025-12-03T16:58:29.077+03:00 DEBUG 334617 --- [rating_punctuality] [http-nio-8080-exec-3] o.s.security.web.FilterChainProxy        : Securing GET /api/auth/me
2025-12-03T16:58:29.091+03:00 DEBUG 334617 --- [rating_punctuality] [http-nio-8080-exec-3] o.s.security.web.FilterChainProxy        : Secured GET /api/auth/me
2025-12-03T16:58:29.797+03:00 DEBUG 334617 --- [rating_punctuality] [http-nio-8080-exec-5] o.s.security.web.FilterChainProxy        : Securing GET /api/auth/me
2025-12-03T16:58:29.809+03:00 DEBUG 334617 --- [rating_punctuality] [http-nio-8080-exec-5] o.s.security.web.FilterChainProxy        : Secured GET /api/auth/me
2025-12-03T16:58:30.410+03:00 DEBUG 334617 --- [rating_punctuality] [http-nio-8080-exec-6] o.s.security.web.FilterChainProxy        : Securing GET /api/auth/me
2025-12-03T16:58:30.423+03:00 DEBUG 334617 --- [rating_punctuality] [http-nio-8080-exec-6] o.s.security.web.FilterChainProxy        : Secured GET /api/auth/me
2025-12-03T16:58:31.080+03:00 DEBUG 334617 --- [rating_punctuality] [http-nio-8080-exec-7] o.s.security.web.FilterChainProxy        : Securing GET /api/auth/me
2025-12-03T16:58:31.097+03:00 DEBUG 334617 --- [rating_punctuality] [http-nio-8080-exec-7] o.s.security.web.FilterChainProxy        : Secured GET /api/auth/me
2025-12-03T16:58:31.816+03:00 DEBUG 334617 --- [rating_punctuality] [http-nio-8080-exec-8] o.s.security.web.FilterChainProxy        : Securing GET /api/auth/me
2025-12-03T16:58:31.831+03:00 DEBUG 334617 --- [rating_punctuality] [http-nio-8080-exec-8] o.s.security.web.FilterChainProxy        : Secured GET /api/auth/me
2025-12-03T16:58:32.541+03:00 DEBUG 334617 --- [rating_punctuality] [http-nio-8080-exec-9] o.s.security.web.FilterChainProxy        : Securing GET /api/auth/me
2025-12-03T16:58:32.550+03:00 DEBUG 334617 --- [rating_punctuality] [http-nio-8080-exec-9] o.s.security.web.FilterChainProxy        : Secured GET /api/auth/me
2025-12-03T16:59:06.386+03:00 DEBUG 334617 --- [rating_punctuality] [http-nio-8080-exec-1] o.s.security.web.FilterChainProxy        : Securing GET /api/auth/me
2025-12-03T16:59:06.391+03:00 ERROR 334617 --- [rating_punctuality] [http-nio-8080-exec-1] o.a.c.c.C.[.[.[/].[dispatcherServlet]    : Servlet.service() for servlet [dispatcherServlet] in context with path [] threw exception

io.jsonwebtoken.ExpiredJwtException: JWT expired 25388 milliseconds ago at 2025-12-03T13:58:41.000Z. Current time: 2025-12-03T13:59:06.388Z. Allowed clock skew: 0 milliseconds.
	at io.jsonwebtoken.impl.DefaultJwtParser.parse(DefaultJwtParser.java:682) ~[jjwt-impl-0.12.5.jar:0.12.5]
	at io.jsonwebtoken.impl.DefaultJwtParser.parse(DefaultJwtParser.java:362) ~[jjwt-impl-0.12.5.jar:0.12.5]
	at io.jsonwebtoken.impl.DefaultJwtParser.parse(DefaultJwtParser.java:94) ~[jjwt-impl-0.12.5.jar:0.12.5]
	at io.jsonwebtoken.impl.io.AbstractParser.parse(AbstractParser.java:36) ~[jjwt-impl-0.12.5.jar:0.12.5]
	at io.jsonwebtoken.impl.io.AbstractParser.parse(AbstractParser.java:29) ~[jjwt-impl-0.12.5.jar:0.12.5]
	at io.jsonwebtoken.impl.DefaultJwtParser.parseSignedClaims(DefaultJwtParser.java:821) ~[jjwt-impl-0.12.5.jar:0.12.5]
	at com.rating.punctuality.rating_punctuality.services.JwtServiceImpl.extractUsername(JwtServiceImpl.java:62) ~[classes/:na]
	at com.rating.punctuality.rating_punctuality.config.JwtFilter.doFilterInternal(JwtFilter.java:45) ~[classes/:na]
	at org.springframework.web.filter.OncePerRequestFilter.doFilter(OncePerRequestFilter.java:116) ~[spring-web-6.2.11.jar:6.2.11]
	at org.springframework.security.web.FilterChainProxy$VirtualFilterChain.doFilter(FilterChainProxy.java:374) ~[spring-security-web-6.5.5.jar:6.5.5]
	at org.springframework.security.web.authentication.logout.LogoutFilter.doFilter(LogoutFilter.java:107) ~[spring-security-web-6.5.5.jar:6.5.5]
	at org.springframework.security.web.authentication.logout.LogoutFilter.doFilter(LogoutFilter.java:93) ~[spring-security-web-6.5.5.jar:6.5.5]
	at org.springframework.security.web.FilterChainProxy$VirtualFilterChain.doFilter(FilterChainProxy.java:374) ~[spring-security-web-6.5.5.jar:6.5.5]
	at org.springframework.security.web.header.HeaderWriterFilter.doHeadersAfter(HeaderWriterFilter.java:90) ~[spring-security-web-6.5.5.jar:6.5.5]
	at org.springframework.security.web.header.HeaderWriterFilter.doFilterInternal(HeaderWriterFilter.java:75) ~[spring-security-web-6.5.5.jar:6.5.5]
	at org.springframework.web.filter.OncePerRequestFilter.doFilter(OncePerRequestFilter.java:116) ~[spring-web-6.2.11.jar:6.2.11]
	at org.springframework.security.web.FilterChainProxy$VirtualFilterChain.doFilter(FilterChainProxy.java:374) ~[spring-security-web-6.5.5.jar:6.5.5]
	at org.springframework.security.web.context.SecurityContextHolderFilter.doFilter(SecurityContextHolderFilter.java:82) ~[spring-security-web-6.5.5.jar:6.5.5]
	at org.springframework.security.web.context.SecurityContextHolderFilter.doFilter(SecurityContextHolderFilter.java:69) ~[spring-security-web-6.5.5.jar:6.5.5]
	at org.springframework.security.web.FilterChainProxy$VirtualFilterChain.doFilter(FilterChainProxy.java:374) ~[spring-security-web-6.5.5.jar:6.5.5]
	at org.springframework.security.web.context.request.async.WebAsyncManagerIntegrationFilter.doFilterInternal(WebAsyncManagerIntegrationFilter.java:62) ~[spring-security-web-6.5.5.jar:6.5.5]
	at org.springframework.web.filter.OncePerRequestFilter.doFilter(OncePerRequestFilter.java:116) ~[spring-web-6.2.11.jar:6.2.11]
	at org.springframework.security.web.FilterChainProxy$VirtualFilterChain.doFilter(FilterChainProxy.java:374) ~[spring-security-web-6.5.5.jar:6.5.5]
	at org.springframework.security.web.session.DisableEncodeUrlFilter.doFilterInternal(DisableEncodeUrlFilter.java:42) ~[spring-security-web-6.5.5.jar:6.5.5]
	at org.springframework.web.filter.OncePerRequestFilter.doFilter(OncePerRequestFilter.java:116) ~[spring-web-6.2.11.jar:6.2.11]
	at org.springframework.security.web.FilterChainProxy$VirtualFilterChain.doFilter(FilterChainProxy.java:374) ~[spring-security-web-6.5.5.jar:6.5.5]
	at org.springframework.security.web.FilterChainProxy.doFilterInternal(FilterChainProxy.java:233) ~[spring-security-web-6.5.5.jar:6.5.5]
	at org.springframework.security.web.FilterChainProxy.doFilter(FilterChainProxy.java:191) ~[spring-security-web-6.5.5.jar:6.5.5]
	at org.springframework.web.filter.CompositeFilter$VirtualFilterChain.doFilter(CompositeFilter.java:113) ~[spring-web-6.2.11.jar:6.2.11]
	at org.springframework.web.filter.ServletRequestPathFilter.doFilter(ServletRequestPathFilter.java:52) ~[spring-web-6.2.11.jar:6.2.11]
	at org.springframework.web.filter.CompositeFilter$VirtualFilterChain.doFilter(CompositeFilter.java:113) ~[spring-web-6.2.11.jar:6.2.11]
	at org.springframework.web.filter.CompositeFilter.doFilter(CompositeFilter.java:74) ~[spring-web-6.2.11.jar:6.2.11]
	at org.springframework.security.config.annotation.web.configuration.WebSecurityConfiguration$CompositeFilterChainProxy.doFilter(WebSecurityConfiguration.java:319) ~[spring-security-config-6.5.5.jar:6.5.5]
	at org.springframework.web.filter.CompositeFilter$VirtualFilterChain.doFilter(CompositeFilter.java:113) ~[spring-web-6.2.11.jar:6.2.11]
	at org.springframework.web.servlet.handler.HandlerMappingIntrospector.lambda$createCacheFilter$4(HandlerMappingIntrospector.java:267) ~[spring-webmvc-6.2.11.jar:6.2.11]
	at org.springframework.web.filter.CompositeFilter$VirtualFilterChain.doFilter(CompositeFilter.java:113) ~[spring-web-6.2.11.jar:6.2.11]
	at org.springframework.web.filter.CompositeFilter.doFilter(CompositeFilter.java:74) ~[spring-web-6.2.11.jar:6.2.11]
	at org.springframework.security.config.annotation.web.configuration.WebMvcSecurityConfiguration$CompositeFilterChainProxy.doFilter(WebMvcSecurityConfiguration.java:240) ~[spring-security-config-6.5.5.jar:6.5.5]
	at org.springframework.web.filter.DelegatingFilterProxy.invokeDelegate(DelegatingFilterProxy.java:362) ~[spring-web-6.2.11.jar:6.2.11]
	at org.springframework.web.filter.DelegatingFilterProxy.doFilter(DelegatingFilterProxy.java:278) ~[spring-web-6.2.11.jar:6.2.11]
	at org.apache.catalina.core.ApplicationFilterChain.internalDoFilter(ApplicationFilterChain.java:164) ~[tomcat-embed-core-10.1.46.jar:10.1.46]
	at org.apache.catalina.core.ApplicationFilterChain.doFilter(ApplicationFilterChain.java:140) ~[tomcat-embed-core-10.1.46.jar:10.1.46]
	at org.springframework.web.filter.RequestContextFilter.doFilterInternal(RequestContextFilter.java:100) ~[spring-web-6.2.11.jar:6.2.11]
	at org.springframework.web.filter.OncePerRequestFilter.doFilter(OncePerRequestFilter.java:116) ~[spring-web-6.2.11.jar:6.2.11]
	at org.apache.catalina.core.ApplicationFilterChain.internalDoFilter(ApplicationFilterChain.java:164) ~[tomcat-embed-core-10.1.46.jar:10.1.46]
	at org.apache.catalina.core.ApplicationFilterChain.doFilter(ApplicationFilterChain.java:140) ~[tomcat-embed-core-10.1.46.jar:10.1.46]
	at org.springframework.web.filter.FormContentFilter.doFilterInternal(FormContentFilter.java:93) ~[spring-web-6.2.11.jar:6.2.11]
	at org.springframework.web.filter.OncePerRequestFilter.doFilter(OncePerRequestFilter.java:116) ~[spring-web-6.2.11.jar:6.2.11]
	at org.apache.catalina.core.ApplicationFilterChain.internalDoFilter(ApplicationFilterChain.java:164) ~[tomcat-embed-core-10.1.46.jar:10.1.46]
	at org.apache.catalina.core.ApplicationFilterChain.doFilter(ApplicationFilterChain.java:140) ~[tomcat-embed-core-10.1.46.jar:10.1.46]
	at org.springframework.web.filter.CharacterEncodingFilter.doFilterInternal(CharacterEncodingFilter.java:201) ~[spring-web-6.2.11.jar:6.2.11]
	at org.springframework.web.filter.OncePerRequestFilter.doFilter(OncePerRequestFilter.java:116) ~[spring-web-6.2.11.jar:6.2.11]
	at org.apache.catalina.core.ApplicationFilterChain.internalDoFilter(ApplicationFilterChain.java:164) ~[tomcat-embed-core-10.1.46.jar:10.1.46]
	at org.apache.catalina.core.ApplicationFilterChain.doFilter(ApplicationFilterChain.java:140) ~[tomcat-embed-core-10.1.46.jar:10.1.46]
	at org.apache.catalina.core.StandardWrapperValve.invoke(StandardWrapperValve.java:167) ~[tomcat-embed-core-10.1.46.jar:10.1.46]
	at org.apache.catalina.core.StandardContextValve.invoke(StandardContextValve.java:90) ~[tomcat-embed-core-10.1.46.jar:10.1.46]
	at org.apache.catalina.authenticator.AuthenticatorBase.invoke(AuthenticatorBase.java:483) ~[tomcat-embed-core-10.1.46.jar:10.1.46]
	at org.apache.catalina.core.StandardHostValve.invoke(StandardHostValve.java:116) ~[tomcat-embed-core-10.1.46.jar:10.1.46]
	at org.apache.catalina.valves.ErrorReportValve.invoke(ErrorReportValve.java:93) ~[tomcat-embed-core-10.1.46.jar:10.1.46]
	at org.apache.catalina.core.StandardEngineValve.invoke(StandardEngineValve.java:74) ~[tomcat-embed-core-10.1.46.jar:10.1.46]
	at org.apache.catalina.connector.CoyoteAdapter.service(CoyoteAdapter.java:344) ~[tomcat-embed-core-10.1.46.jar:10.1.46]
	at org.apache.coyote.http11.Http11Processor.service(Http11Processor.java:398) ~[tomcat-embed-core-10.1.46.jar:10.1.46]
	at org.apache.coyote.AbstractProcessorLight.process(AbstractProcessorLight.java:63) ~[tomcat-embed-core-10.1.46.jar:10.1.46]
	at org.apache.coyote.AbstractProtocol$ConnectionHandler.process(AbstractProtocol.java:903) ~[tomcat-embed-core-10.1.46.jar:10.1.46]
	at org.apache.tomcat.util.net.NioEndpoint$SocketProcessor.doRun(NioEndpoint.java:1776) ~[tomcat-embed-core-10.1.46.jar:10.1.46]
	at org.apache.tomcat.util.net.SocketProcessorBase.run(SocketProcessorBase.java:52) ~[tomcat-embed-core-10.1.46.jar:10.1.46]
	at org.apache.tomcat.util.threads.ThreadPoolExecutor.runWorker(ThreadPoolExecutor.java:975) ~[tomcat-embed-core-10.1.46.jar:10.1.46]
	at org.apache.tomcat.util.threads.ThreadPoolExecutor$Worker.run(ThreadPoolExecutor.java:493) ~[tomcat-embed-core-10.1.46.jar:10.1.46]
	at org.apache.tomcat.util.threads.TaskThread$WrappingRunnable.run(TaskThread.java:63) ~[tomcat-embed-core-10.1.46.jar:10.1.46]
	at java.base/java.lang.Thread.run(Thread.java:1583) ~[na:na]

2025-12-03T16:59:06.416+03:00 DEBUG 334617 --- [rating_punctuality] [http-nio-8080-exec-1] o.s.security.web.FilterChainProxy        : Securing GET /error
2025-12-03T16:59:06.417+03:00 DEBUG 334617 --- [rating_punctuality] [http-nio-8080-exec-1] o.s.s.w.a.AnonymousAuthenticationFilter  : Set SecurityContextHolder to anonymous SecurityContext
2025-12-03T16:59:06.417+03:00 DEBUG 334617 --- [rating_punctuality] [http-nio-8080-exec-1] o.s.security.web.FilterChainProxy        : Secured GET /error
2025-12-03T16:59:33.915+03:00  INFO 334617 --- [rating_punctuality] [SpringApplicationShutdownHook] o.s.b.w.e.tomcat.GracefulShutdown        : Commencing graceful shutdown. Waiting for active requests to complete
2025-12-03T16:59:33.921+03:00  INFO 334617 --- [rating_punctuality] [tomcat-shutdown] o.s.b.w.e.tomcat.GracefulShutdown        : Graceful shutdown complete
2025-12-03T16:59:33.936+03:00  INFO 334617 --- [rating_punctuality] [SpringApplicationShutdownHook] j.LocalContainerEntityManagerFactoryBean : Closing JPA EntityManagerFactory for persistence unit 'default'
2025-12-03T16:59:33.941+03:00  INFO 334617 --- [rating_punctuality] [SpringApplicationShutdownHook] com.zaxxer.hikari.HikariDataSource       : HikariPool-1 - Shutdown initiated...
2025-12-03T16:59:33.968+03:00  INFO 334617 --- [rating_punctuality] [SpringApplicationShutdownHook] com.zaxxer.hikari.HikariDataSource       : HikariPool-1 - Shutdown completed.
2025-12-03T16:59:45.706+03:00  INFO 337739 --- [rating_punctuality] [main] c.r.p.r.RatingPunctualityApplication     : Starting RatingPunctualityApplication using Java 21.0.9 with PID 337739 (/home/vladimir/Загрузки/rating_punctuality/target/classes started by vladimir in /home/vladimir/Загрузки/rating_punctuality)
2025-12-03T16:59:45.709+03:00 DEBUG 337739 --- [rating_punctuality] [main] c.r.p.r.RatingPunctualityApplication     : Running with Spring Boot v3.5.6, Spring v6.2.11
2025-12-03T16:59:45.710+03:00  INFO 337739 --- [rating_punctuality] [main] c.r.p.r.RatingPunctualityApplication     : No active profile set, falling back to 1 default profile: "default"
2025-12-03T16:59:47.062+03:00  INFO 337739 --- [rating_punctuality] [main] .s.d.r.c.RepositoryConfigurationDelegate : Bootstrapping Spring Data JPA repositories in DEFAULT mode.
2025-12-03T16:59:47.201+03:00  INFO 337739 --- [rating_punctuality] [main] .s.d.r.c.RepositoryConfigurationDelegate : Finished Spring Data repository scanning in 120 ms. Found 4 JPA repository interfaces.
2025-12-03T16:59:48.114+03:00  INFO 337739 --- [rating_punctuality] [main] o.s.b.w.embedded.tomcat.TomcatWebServer  : Tomcat initialized with port 8080 (http)
2025-12-03T16:59:48.142+03:00  INFO 337739 --- [rating_punctuality] [main] o.apache.catalina.core.StandardService   : Starting service [Tomcat]
2025-12-03T16:59:48.143+03:00  INFO 337739 --- [rating_punctuality] [main] o.apache.catalina.core.StandardEngine    : Starting Servlet engine: [Apache Tomcat/10.1.46]
2025-12-03T16:59:48.206+03:00  INFO 337739 --- [rating_punctuality] [main] o.a.c.c.C.[Tomcat].[localhost].[/]       : Initializing Spring embedded WebApplicationContext
2025-12-03T16:59:48.207+03:00  INFO 337739 --- [rating_punctuality] [main] w.s.c.ServletWebServerApplicationContext : Root WebApplicationContext: initialization completed in 2417 ms
2025-12-03T16:59:48.444+03:00  INFO 337739 --- [rating_punctuality] [main] o.hibernate.jpa.internal.util.LogHelper  : HHH000204: Processing PersistenceUnitInfo [name: default]
2025-12-03T16:59:48.505+03:00  INFO 337739 --- [rating_punctuality] [main] org.hibernate.Version                    : HHH000412: Hibernate ORM core version 6.6.29.Final
2025-12-03T16:59:48.559+03:00  INFO 337739 --- [rating_punctuality] [main] o.h.c.internal.RegionFactoryInitiator    : HHH000026: Second-level cache disabled
2025-12-03T16:59:49.054+03:00  INFO 337739 --- [rating_punctuality] [main] o.s.o.j.p.SpringPersistenceUnitInfo      : No LoadTimeWeaver setup: ignoring JPA class transformer
2025-12-03T16:59:49.104+03:00  INFO 337739 --- [rating_punctuality] [main] com.zaxxer.hikari.HikariDataSource       : HikariPool-1 - Starting...
2025-12-03T16:59:49.641+03:00  INFO 337739 --- [rating_punctuality] [main] com.zaxxer.hikari.pool.HikariPool        : HikariPool-1 - Added connection org.postgresql.jdbc.PgConnection@4d2f9e3c
2025-12-03T16:59:49.643+03:00  INFO 337739 --- [rating_punctuality] [main] com.zaxxer.hikari.HikariDataSource       : HikariPool-1 - Start completed.
2025-12-03T16:59:49.693+03:00  WARN 337739 --- [rating_punctuality] [main] org.hibernate.orm.deprecation            : HHH90000025: PostgreSQLDialect does not need to be specified explicitly using 'hibernate.dialect' (remove the property setting and it will be selected by default)
2025-12-03T16:59:49.724+03:00  INFO 337739 --- [rating_punctuality] [main] org.hibernate.orm.connections.pooling    : HHH10001005: Database info:
	Database JDBC URL [Connecting through datasource 'HikariDataSource (HikariPool-1)']
	Database driver: undefined/unknown
	Database version: 16.10
	Autocommit mode: undefined/unknown
	Isolation level: undefined/unknown
	Minimum pool size: undefined/unknown
	Maximum pool size: undefined/unknown
2025-12-03T16:59:51.281+03:00  INFO 337739 --- [rating_punctuality] [main] o.h.e.t.j.p.i.JtaPlatformInitiator       : HHH000489: No JTA platform available (set 'hibernate.transaction.jta.platform' to enable JTA platform integration)
2025-12-03T16:59:51.420+03:00  INFO 337739 --- [rating_punctuality] [main] j.LocalContainerEntityManagerFactoryBean : Initialized JPA EntityManagerFactory for persistence unit 'default'
2025-12-03T16:59:51.829+03:00 DEBUG 337739 --- [rating_punctuality] [main] c.r.p.r.config.JwtFilter                 : Filter 'jwtFilter' configured for use
2025-12-03T16:59:51.977+03:00  INFO 337739 --- [rating_punctuality] [main] r$InitializeUserDetailsManagerConfigurer : Global AuthenticationManager configured with UserDetailsService bean with name appUserDetailsServiceImpl
2025-12-03T16:59:52.158+03:00  WARN 337739 --- [rating_punctuality] [main] JpaBaseConfiguration$JpaWebConfiguration : spring.jpa.open-in-view is enabled by default. Therefore, database queries may be performed during view rendering. Explicitly configure spring.jpa.open-in-view to disable this warning
2025-12-03T16:59:52.534+03:00  INFO 337739 --- [rating_punctuality] [main] c.r.p.r.config.AppSecurityConfig         : SecurityFilterChain настроен для JWT
2025-12-03T16:59:52.581+03:00 DEBUG 337739 --- [rating_punctuality] [main] o.s.s.web.DefaultSecurityFilterChain     : Will secure any request with filters: DisableEncodeUrlFilter, WebAsyncManagerIntegrationFilter, SecurityContextHolderFilter, HeaderWriterFilter, LogoutFilter, JwtFilter, RequestCacheAwareFilter, SecurityContextHolderAwareRequestFilter, AnonymousAuthenticationFilter, SessionManagementFilter, ExceptionTranslationFilter, AuthorizationFilter
2025-12-03T16:59:52.965+03:00  INFO 337739 --- [rating_punctuality] [main] o.s.b.w.embedded.tomcat.TomcatWebServer  : Tomcat started on port 8080 (http) with context path '/'
2025-12-03T16:59:52.978+03:00  INFO 337739 --- [rating_punctuality] [main] c.r.p.r.RatingPunctualityApplication     : Started RatingPunctualityApplication in 8.061 seconds (process running for 8.668)
2025-12-03T16:59:52.983+03:00  INFO 337739 --- [rating_punctuality] [main] c.r.p.r.config.LocalDateInitializer      : === ВЫПОЛНЕНИЕ ПРЕДВАРИТЕЛЬНЫХ ОПЕРАЦИЙ С БАЗОЙ ===
2025-12-03T16:59:52.984+03:00  INFO 337739 --- [rating_punctuality] [main] c.r.p.r.config.LocalDateInitializer      : Начало экспорта данных...
2025-12-03T16:59:53.603+03:00  INFO 337739 --- [rating_punctuality] [main] c.r.p.r.config.LocalDateInitializer      : Файлы сохранены: directions.json и airline_punctuality.json
2025-12-03T16:59:53.603+03:00  INFO 337739 --- [rating_punctuality] [main] c.r.p.r.config.LocalDateInitializer      : Экспорт завершен. Записей в direction: 309. Записей в punctuality: 4
2025-12-03T16:59:53.603+03:00  INFO 337739 --- [rating_punctuality] [main] c.r.p.r.config.LocalDateInitializer      : === ПРЕДВАРИТЕЛЬНЫЕ ОПЕРАЦИИ ЗАВЕРШЕНЫ ===
2025-12-03T16:59:54.424+03:00  INFO 337739 --- [rating_punctuality] [http-nio-8080-exec-1] o.a.c.c.C.[Tomcat].[localhost].[/]       : Initializing Spring DispatcherServlet 'dispatcherServlet'
2025-12-03T16:59:54.424+03:00  INFO 337739 --- [rating_punctuality] [http-nio-8080-exec-1] o.s.web.servlet.DispatcherServlet        : Initializing Servlet 'dispatcherServlet'
2025-12-03T16:59:54.427+03:00  INFO 337739 --- [rating_punctuality] [http-nio-8080-exec-1] o.s.web.servlet.DispatcherServlet        : Completed initialization in 2 ms
2025-12-03T16:59:54.452+03:00 DEBUG 337739 --- [rating_punctuality] [http-nio-8080-exec-1] o.s.security.web.FilterChainProxy        : Securing POST /api/auth/login
2025-12-03T16:59:54.464+03:00 DEBUG 337739 --- [rating_punctuality] [http-nio-8080-exec-1] o.s.s.w.a.AnonymousAuthenticationFilter  : Set SecurityContextHolder to anonymous SecurityContext
2025-12-03T16:59:54.467+03:00 DEBUG 337739 --- [rating_punctuality] [http-nio-8080-exec-1] o.s.security.web.FilterChainProxy        : Secured POST /api/auth/login
2025-12-03T16:59:54.599+03:00  INFO 337739 --- [rating_punctuality] [http-nio-8080-exec-1] c.r.p.r.controller.AuthController        : Попытка входа: admin
2025-12-03T16:59:55.262+03:00 DEBUG 337739 --- [rating_punctuality] [http-nio-8080-exec-1] o.s.s.a.dao.DaoAuthenticationProvider    : Authenticated user
2025-12-03T16:59:55.348+03:00  INFO 337739 --- [rating_punctuality] [http-nio-8080-exec-1] c.r.p.r.controller.AuthController        : Успешный вход: admin
2025-12-03T17:00:22.873+03:00 DEBUG 337739 --- [rating_punctuality] [http-nio-8080-exec-2] o.s.security.web.FilterChainProxy        : Securing GET /api/auth/me
2025-12-03T17:00:22.993+03:00 DEBUG 337739 --- [rating_punctuality] [http-nio-8080-exec-2] o.s.security.web.FilterChainProxy        : Secured GET /api/auth/me
2025-12-03T17:00:34.636+03:00 DEBUG 337739 --- [rating_punctuality] [http-nio-8080-exec-4] o.s.security.web.FilterChainProxy        : Securing POST /add-user
2025-12-03T17:00:34.655+03:00 DEBUG 337739 --- [rating_punctuality] [http-nio-8080-exec-4] o.s.security.web.FilterChainProxy        : Secured POST /add-user
2025-12-03T17:00:34.681+03:00 DEBUG 337739 --- [rating_punctuality] [http-nio-8080-exec-4] o.s.security.web.FilterChainProxy        : Securing POST /error
2025-12-03T17:00:34.682+03:00 DEBUG 337739 --- [rating_punctuality] [http-nio-8080-exec-4] o.s.security.web.FilterChainProxy        : Secured POST /error
2025-12-03T17:00:34.699+03:00 DEBUG 337739 --- [rating_punctuality] [http-nio-8080-exec-4] o.s.s.w.a.AnonymousAuthenticationFilter  : Set SecurityContextHolder to anonymous SecurityContext
2025-12-03T17:01:44.466+03:00 DEBUG 337739 --- [rating_punctuality] [http-nio-8080-exec-6] o.s.security.web.FilterChainProxy        : Securing GET /api/auth/me
2025-12-03T17:01:44.486+03:00 DEBUG 337739 --- [rating_punctuality] [http-nio-8080-exec-6] o.s.security.web.FilterChainProxy        : Secured GET /api/auth/me
2025-12-03T17:02:49.528+03:00 DEBUG 337739 --- [rating_punctuality] [http-nio-8080-exec-7] o.s.security.web.FilterChainProxy        : Securing POST /api/auth/add-user
2025-12-03T17:02:49.546+03:00 DEBUG 337739 --- [rating_punctuality] [http-nio-8080-exec-7] o.s.security.web.FilterChainProxy        : Secured POST /api/auth/add-user
2025-12-03T17:02:49.618+03:00  INFO 337739 --- [rating_punctuality] [http-nio-8080-exec-7] c.r.p.r.controller.AuthController        : Регистрация пользователя: testuser
2025-12-03T17:02:49.777+03:00  WARN 337739 --- [rating_punctuality] [http-nio-8080-exec-7] o.h.engine.jdbc.spi.SqlExceptionHelper   : SQL Error: 0, SQLState: 23502
2025-12-03T17:02:49.777+03:00 ERROR 337739 --- [rating_punctuality] [http-nio-8080-exec-7] o.h.engine.jdbc.spi.SqlExceptionHelper   : ERROR: null value in column "created_at" of relation "users" violates not-null constraint
  Подробности: Failing row contains (37f6f4d8-1ab2-4fd9-8fd9-f48b91fffc2b, null, null, user@test.com, $2a$10$JTmiSi9twktwcPa2g//P3OVQ0xC7Rdx2xTkqKGQtiium4mkw64Wsq, testuser).
2025-12-03T17:02:49.787+03:00 ERROR 337739 --- [rating_punctuality] [http-nio-8080-exec-7] c.r.p.r.controller.AuthController        : Ошибка регистрации: could not execute statement [ERROR: null value in column "created_at" of relation "users" violates not-null constraint
  Подробности: Failing row contains (37f6f4d8-1ab2-4fd9-8fd9-f48b91fffc2b, null, null, user@test.com, $2a$10$JTmiSi9twktwcPa2g//P3OVQ0xC7Rdx2xTkqKGQtiium4mkw64Wsq, testuser).] [insert into users (created_at,email,password,updated_at,username,id) values (?,?,?,?,?,?)]; SQL [insert into users (created_at,email,password,updated_at,username,id) values (?,?,?,?,?,?)]; constraint [created_at" of relation "users]
2025-12-03T17:04:01.941+03:00  INFO 337739 --- [rating_punctuality] [SpringApplicationShutdownHook] o.s.b.w.e.tomcat.GracefulShutdown        : Commencing graceful shutdown. Waiting for active requests to complete
2025-12-03T17:04:01.946+03:00  INFO 337739 --- [rating_punctuality] [tomcat-shutdown] o.s.b.w.e.tomcat.GracefulShutdown        : Graceful shutdown complete
2025-12-03T17:04:01.955+03:00  INFO 337739 --- [rating_punctuality] [SpringApplicationShutdownHook] j.LocalContainerEntityManagerFactoryBean : Closing JPA EntityManagerFactory for persistence unit 'default'
2025-12-03T17:04:01.958+03:00  INFO 337739 --- [rating_punctuality] [SpringApplicationShutdownHook] com.zaxxer.hikari.HikariDataSource       : HikariPool-1 - Shutdown initiated...
2025-12-03T17:04:01.978+03:00  INFO 337739 --- [rating_punctuality] [SpringApplicationShutdownHook] com.zaxxer.hikari.HikariDataSource       : HikariPool-1 - Shutdown completed.
2025-12-03T17:04:06.081+03:00  INFO 342962 --- [rating_punctuality] [main] c.r.p.r.RatingPunctualityApplication     : Starting RatingPunctualityApplication using Java 21.0.9 with PID 342962 (/home/vladimir/Загрузки/rating_punctuality/target/classes started by vladimir in /home/vladimir/Загрузки/rating_punctuality)
2025-12-03T17:04:06.085+03:00 DEBUG 342962 --- [rating_punctuality] [main] c.r.p.r.RatingPunctualityApplication     : Running with Spring Boot v3.5.6, Spring v6.2.11
2025-12-03T17:04:06.087+03:00  INFO 342962 --- [rating_punctuality] [main] c.r.p.r.RatingPunctualityApplication     : No active profile set, falling back to 1 default profile: "default"
2025-12-03T17:04:07.495+03:00  INFO 342962 --- [rating_punctuality] [main] .s.d.r.c.RepositoryConfigurationDelegate : Bootstrapping Spring Data JPA repositories in DEFAULT mode.
2025-12-03T17:04:07.627+03:00  INFO 342962 --- [rating_punctuality] [main] .s.d.r.c.RepositoryConfigurationDelegate : Finished Spring Data repository scanning in 114 ms. Found 4 JPA repository interfaces.
2025-12-03T17:04:08.734+03:00  INFO 342962 --- [rating_punctuality] [main] o.s.b.w.embedded.tomcat.TomcatWebServer  : Tomcat initialized with port 8080 (http)
2025-12-03T17:04:08.771+03:00  INFO 342962 --- [rating_punctuality] [main] o.apache.catalina.core.StandardService   : Starting service [Tomcat]
2025-12-03T17:04:08.772+03:00  INFO 342962 --- [rating_punctuality] [main] o.apache.catalina.core.StandardEngine    : Starting Servlet engine: [Apache Tomcat/10.1.46]
2025-12-03T17:04:08.860+03:00  INFO 342962 --- [rating_punctuality] [main] o.a.c.c.C.[Tomcat].[localhost].[/]       : Initializing Spring embedded WebApplicationContext
2025-12-03T17:04:08.861+03:00  INFO 342962 --- [rating_punctuality] [main] w.s.c.ServletWebServerApplicationContext : Root WebApplicationContext: initialization completed in 2679 ms
2025-12-03T17:04:09.191+03:00  INFO 342962 --- [rating_punctuality] [main] o.hibernate.jpa.internal.util.LogHelper  : HHH000204: Processing PersistenceUnitInfo [name: default]
2025-12-03T17:04:09.302+03:00  INFO 342962 --- [rating_punctuality] [main] org.hibernate.Version                    : HHH000412: Hibernate ORM core version 6.6.29.Final
2025-12-03T17:04:09.387+03:00  INFO 342962 --- [rating_punctuality] [main] o.h.c.internal.RegionFactoryInitiator    : HHH000026: Second-level cache disabled
2025-12-03T17:04:09.859+03:00  INFO 342962 --- [rating_punctuality] [main] o.s.o.j.p.SpringPersistenceUnitInfo      : No LoadTimeWeaver setup: ignoring JPA class transformer
2025-12-03T17:04:09.929+03:00  INFO 342962 --- [rating_punctuality] [main] com.zaxxer.hikari.HikariDataSource       : HikariPool-1 - Starting...
2025-12-03T17:04:10.649+03:00  INFO 342962 --- [rating_punctuality] [main] com.zaxxer.hikari.pool.HikariPool        : HikariPool-1 - Added connection org.postgresql.jdbc.PgConnection@40c28b0d
2025-12-03T17:04:10.652+03:00  INFO 342962 --- [rating_punctuality] [main] com.zaxxer.hikari.HikariDataSource       : HikariPool-1 - Start completed.
2025-12-03T17:04:10.699+03:00  WARN 342962 --- [rating_punctuality] [main] org.hibernate.orm.deprecation            : HHH90000025: PostgreSQLDialect does not need to be specified explicitly using 'hibernate.dialect' (remove the property setting and it will be selected by default)
2025-12-03T17:04:10.729+03:00  INFO 342962 --- [rating_punctuality] [main] org.hibernate.orm.connections.pooling    : HHH10001005: Database info:
	Database JDBC URL [Connecting through datasource 'HikariDataSource (HikariPool-1)']
	Database driver: undefined/unknown
	Database version: 16.10
	Autocommit mode: undefined/unknown
	Isolation level: undefined/unknown
	Minimum pool size: undefined/unknown
	Maximum pool size: undefined/unknown
2025-12-03T17:04:12.442+03:00  INFO 342962 --- [rating_punctuality] [main] o.h.e.t.j.p.i.JtaPlatformInitiator       : HHH000489: No JTA platform available (set 'hibernate.transaction.jta.platform' to enable JTA platform integration)
2025-12-03T17:04:12.573+03:00  INFO 342962 --- [rating_punctuality] [main] j.LocalContainerEntityManagerFactoryBean : Initialized JPA EntityManagerFactory for persistence unit 'default'
2025-12-03T17:04:12.990+03:00 DEBUG 342962 --- [rating_punctuality] [main] c.r.p.r.config.JwtFilter                 : Filter 'jwtFilter' configured for use
2025-12-03T17:04:13.141+03:00  INFO 342962 --- [rating_punctuality] [main] r$InitializeUserDetailsManagerConfigurer : Global AuthenticationManager configured with UserDetailsService bean with name appUserDetailsServiceImpl
2025-12-03T17:04:13.329+03:00  WARN 342962 --- [rating_punctuality] [main] JpaBaseConfiguration$JpaWebConfiguration : spring.jpa.open-in-view is enabled by default. Therefore, database queries may be performed during view rendering. Explicitly configure spring.jpa.open-in-view to disable this warning
2025-12-03T17:04:13.772+03:00  INFO 342962 --- [rating_punctuality] [main] c.r.p.r.config.AppSecurityConfig         : SecurityFilterChain настроен для JWT
2025-12-03T17:04:13.813+03:00 DEBUG 342962 --- [rating_punctuality] [main] o.s.s.web.DefaultSecurityFilterChain     : Will secure any request with filters: DisableEncodeUrlFilter, WebAsyncManagerIntegrationFilter, SecurityContextHolderFilter, HeaderWriterFilter, LogoutFilter, JwtFilter, RequestCacheAwareFilter, SecurityContextHolderAwareRequestFilter, AnonymousAuthenticationFilter, SessionManagementFilter, ExceptionTranslationFilter, AuthorizationFilter
2025-12-03T17:04:14.239+03:00  INFO 342962 --- [rating_punctuality] [main] o.s.b.w.embedded.tomcat.TomcatWebServer  : Tomcat started on port 8080 (http) with context path '/'
2025-12-03T17:04:14.253+03:00  INFO 342962 --- [rating_punctuality] [main] c.r.p.r.RatingPunctualityApplication     : Started RatingPunctualityApplication in 8.895 seconds (process running for 9.75)
2025-12-03T17:04:14.261+03:00  INFO 342962 --- [rating_punctuality] [main] c.r.p.r.config.LocalDateInitializer      : === ВЫПОЛНЕНИЕ ПРЕДВАРИТЕЛЬНЫХ ОПЕРАЦИЙ С БАЗОЙ ===
2025-12-03T17:04:14.261+03:00  INFO 342962 --- [rating_punctuality] [main] c.r.p.r.config.LocalDateInitializer      : Начало экспорта данных...
2025-12-03T17:04:14.835+03:00  INFO 342962 --- [rating_punctuality] [main] c.r.p.r.config.LocalDateInitializer      : Файлы сохранены: directions.json и airline_punctuality.json
2025-12-03T17:04:14.835+03:00  INFO 342962 --- [rating_punctuality] [main] c.r.p.r.config.LocalDateInitializer      : Экспорт завершен. Записей в direction: 309. Записей в punctuality: 4
2025-12-03T17:04:14.835+03:00  INFO 342962 --- [rating_punctuality] [main] c.r.p.r.config.LocalDateInitializer      : === ПРЕДВАРИТЕЛЬНЫЕ ОПЕРАЦИИ ЗАВЕРШЕНЫ ===
2025-12-03T17:04:17.573+03:00  INFO 342962 --- [rating_punctuality] [http-nio-8080-exec-1] o.a.c.c.C.[Tomcat].[localhost].[/]       : Initializing Spring DispatcherServlet 'dispatcherServlet'
2025-12-03T17:04:17.573+03:00  INFO 342962 --- [rating_punctuality] [http-nio-8080-exec-1] o.s.web.servlet.DispatcherServlet        : Initializing Servlet 'dispatcherServlet'
2025-12-03T17:04:17.575+03:00  INFO 342962 --- [rating_punctuality] [http-nio-8080-exec-1] o.s.web.servlet.DispatcherServlet        : Completed initialization in 2 ms
2025-12-03T17:04:17.612+03:00 DEBUG 342962 --- [rating_punctuality] [http-nio-8080-exec-1] o.s.security.web.FilterChainProxy        : Securing POST /api/auth/add-user
2025-12-03T17:04:17.956+03:00 DEBUG 342962 --- [rating_punctuality] [http-nio-8080-exec-1] o.s.security.web.FilterChainProxy        : Secured POST /api/auth/add-user
2025-12-03T17:04:18.123+03:00  INFO 342962 --- [rating_punctuality] [http-nio-8080-exec-1] c.r.p.r.controller.AuthController        : Регистрация пользователя: testuser
2025-12-03T17:04:18.507+03:00 DEBUG 342962 --- [rating_punctuality] [http-nio-8080-exec-1] o.s.s.a.dao.DaoAuthenticationProvider    : Authenticated user
2025-12-03T17:04:18.539+03:00  INFO 342962 --- [rating_punctuality] [http-nio-8080-exec-1] c.r.p.r.controller.AuthController        : Успешная регистрация: testuser
2025-12-03T17:11:16.315+03:00 DEBUG 342962 --- [rating_punctuality] [http-nio-8080-exec-2] o.s.security.web.FilterChainProxy        : Securing GET /airports
2025-12-03T17:11:16.319+03:00 DEBUG 342962 --- [rating_punctuality] [http-nio-8080-exec-2] o.s.s.w.a.AnonymousAuthenticationFilter  : Set SecurityContextHolder to anonymous SecurityContext
2025-12-03T17:11:16.319+03:00 DEBUG 342962 --- [rating_punctuality] [http-nio-8080-exec-2] o.s.s.w.session.SessionManagementFilter  : Request requested invalid session id 80CBFBA959CBC3652B35D79C22FB288C
2025-12-03T17:11:16.320+03:00 DEBUG 342962 --- [rating_punctuality] [http-nio-8080-exec-2] o.s.security.web.FilterChainProxy        : Secured GET /airports
2025-12-03T17:11:21.815+03:00 DEBUG 342962 --- [rating_punctuality] [http-nio-8080-exec-3] o.s.security.web.FilterChainProxy        : Securing GET /
2025-12-03T17:11:21.816+03:00 DEBUG 342962 --- [rating_punctuality] [http-nio-8080-exec-3] o.s.s.w.a.AnonymousAuthenticationFilter  : Set SecurityContextHolder to anonymous SecurityContext
2025-12-03T17:11:21.817+03:00 DEBUG 342962 --- [rating_punctuality] [http-nio-8080-exec-3] o.s.s.w.session.SessionManagementFilter  : Request requested invalid session id 80CBFBA959CBC3652B35D79C22FB288C
2025-12-03T17:11:21.817+03:00 DEBUG 342962 --- [rating_punctuality] [http-nio-8080-exec-3] o.s.security.web.FilterChainProxy        : Secured GET /
2025-12-03T17:11:21.850+03:00 DEBUG 342962 --- [rating_punctuality] [http-nio-8080-exec-3] o.s.security.web.FilterChainProxy        : Securing GET /error
2025-12-03T17:11:21.851+03:00 DEBUG 342962 --- [rating_punctuality] [http-nio-8080-exec-3] o.s.security.web.FilterChainProxy        : Secured GET /error
2025-12-03T17:11:21.880+03:00 DEBUG 342962 --- [rating_punctuality] [http-nio-8080-exec-3] o.s.s.w.a.AnonymousAuthenticationFilter  : Set SecurityContextHolder to anonymous SecurityContext
2025-12-03T17:11:48.780+03:00 DEBUG 342962 --- [rating_punctuality] [http-nio-8080-exec-4] o.s.security.web.FilterChainProxy        : Securing GET /delay_histogram
2025-12-03T17:11:48.781+03:00 DEBUG 342962 --- [rating_punctuality] [http-nio-8080-exec-4] o.s.s.w.a.AnonymousAuthenticationFilter  : Set SecurityContextHolder to anonymous SecurityContext
2025-12-03T17:11:48.781+03:00 DEBUG 342962 --- [rating_punctuality] [http-nio-8080-exec-4] o.s.s.w.session.SessionManagementFilter  : Request requested invalid session id 80CBFBA959CBC3652B35D79C22FB288C
2025-12-03T17:11:48.782+03:00 DEBUG 342962 --- [rating_punctuality] [http-nio-8080-exec-4] o.s.security.web.FilterChainProxy        : Secured GET /delay_histogram
2025-12-03T17:11:59.956+03:00 DEBUG 342962 --- [rating_punctuality] [http-nio-8080-exec-5] o.s.security.web.FilterChainProxy        : Securing GET /cancellations_distribution
2025-12-03T17:11:59.957+03:00 DEBUG 342962 --- [rating_punctuality] [http-nio-8080-exec-5] o.s.s.w.a.AnonymousAuthenticationFilter  : Set SecurityContextHolder to anonymous SecurityContext
2025-12-03T17:11:59.958+03:00 DEBUG 342962 --- [rating_punctuality] [http-nio-8080-exec-5] o.s.s.w.session.SessionManagementFilter  : Request requested invalid session id 80CBFBA959CBC3652B35D79C22FB288C
2025-12-03T17:11:59.961+03:00 DEBUG 342962 --- [rating_punctuality] [http-nio-8080-exec-5] o.s.security.web.FilterChainProxy        : Secured GET /cancellations_distribution
2025-12-03T17:12:08.222+03:00 DEBUG 342962 --- [rating_punctuality] [http-nio-8080-exec-6] o.s.security.web.FilterChainProxy        : Securing GET /get_all_direction
2025-12-03T17:12:08.225+03:00 DEBUG 342962 --- [rating_punctuality] [http-nio-8080-exec-6] o.s.s.w.a.AnonymousAuthenticationFilter  : Set SecurityContextHolder to anonymous SecurityContext
2025-12-03T17:12:08.226+03:00 DEBUG 342962 --- [rating_punctuality] [http-nio-8080-exec-6] o.s.s.w.session.SessionManagementFilter  : Request requested invalid session id 80CBFBA959CBC3652B35D79C22FB288C
2025-12-03T17:12:08.227+03:00 DEBUG 342962 --- [rating_punctuality] [http-nio-8080-exec-6] o.s.security.web.FilterChainProxy        : Secured GET /get_all_direction
2025-12-03T17:12:18.612+03:00 DEBUG 342962 --- [rating_punctuality] [http-nio-8080-exec-8] o.s.security.web.FilterChainProxy        : Securing GET /get_airline_punctuality
2025-12-03T17:12:18.613+03:00 DEBUG 342962 --- [rating_punctuality] [http-nio-8080-exec-8] o.s.s.w.a.AnonymousAuthenticationFilter  : Set SecurityContextHolder to anonymous SecurityContext
2025-12-03T17:12:18.614+03:00 DEBUG 342962 --- [rating_punctuality] [http-nio-8080-exec-8] o.s.s.w.session.SessionManagementFilter  : Request requested invalid session id 80CBFBA959CBC3652B35D79C22FB288C
2025-12-03T17:12:18.614+03:00 DEBUG 342962 --- [rating_punctuality] [http-nio-8080-exec-8] o.s.security.web.FilterChainProxy        : Secured GET /get_airline_punctuality
2025-12-03T17:13:07.702+03:00 DEBUG 342962 --- [rating_punctuality] [http-nio-8080-exec-9] o.s.security.web.FilterChainProxy        : Securing GET /airlines/top
2025-12-03T17:13:07.703+03:00 DEBUG 342962 --- [rating_punctuality] [http-nio-8080-exec-9] o.s.s.w.a.AnonymousAuthenticationFilter  : Set SecurityContextHolder to anonymous SecurityContext
2025-12-03T17:13:07.704+03:00 DEBUG 342962 --- [rating_punctuality] [http-nio-8080-exec-9] o.s.s.w.session.SessionManagementFilter  : Request requested invalid session id 80CBFBA959CBC3652B35D79C22FB288C
2025-12-03T17:13:07.706+03:00 DEBUG 342962 --- [rating_punctuality] [http-nio-8080-exec-9] o.s.security.web.FilterChainProxy        : Secured GET /airlines/top
2025-12-03T17:13:44.106+03:00 DEBUG 342962 --- [rating_punctuality] [http-nio-8080-exec-1] o.s.security.web.FilterChainProxy        : Securing GET /airports/AAQ/stats
2025-12-03T17:13:44.108+03:00 DEBUG 342962 --- [rating_punctuality] [http-nio-8080-exec-1] o.s.s.w.a.AnonymousAuthenticationFilter  : Set SecurityContextHolder to anonymous SecurityContext
2025-12-03T17:13:44.108+03:00 DEBUG 342962 --- [rating_punctuality] [http-nio-8080-exec-1] o.s.s.w.session.SessionManagementFilter  : Request requested invalid session id 80CBFBA959CBC3652B35D79C22FB288C
2025-12-03T17:13:44.108+03:00 DEBUG 342962 --- [rating_punctuality] [http-nio-8080-exec-1] o.s.security.web.FilterChainProxy        : Secured GET /airports/AAQ/stats
2025-12-03T17:14:06.509+03:00 DEBUG 342962 --- [rating_punctuality] [http-nio-8080-exec-2] o.s.security.web.FilterChainProxy        : Securing GET /airlines/S7/delay-stats
2025-12-03T17:14:06.510+03:00 DEBUG 342962 --- [rating_punctuality] [http-nio-8080-exec-2] o.s.s.w.a.AnonymousAuthenticationFilter  : Set SecurityContextHolder to anonymous SecurityContext
2025-12-03T17:14:06.510+03:00 DEBUG 342962 --- [rating_punctuality] [http-nio-8080-exec-2] o.s.s.w.session.SessionManagementFilter  : Request requested invalid session id 80CBFBA959CBC3652B35D79C22FB288C
2025-12-03T17:14:06.511+03:00 DEBUG 342962 --- [rating_punctuality] [http-nio-8080-exec-2] o.s.security.web.FilterChainProxy        : Secured GET /airlines/S7/delay-stats
2025-12-03T17:14:18.488+03:00 DEBUG 342962 --- [rating_punctuality] [http-nio-8080-exec-3] o.s.security.web.FilterChainProxy        : Securing GET /airports
2025-12-03T17:14:18.489+03:00 DEBUG 342962 --- [rating_punctuality] [http-nio-8080-exec-3] o.s.s.w.a.AnonymousAuthenticationFilter  : Set SecurityContextHolder to anonymous SecurityContext
2025-12-03T17:14:18.490+03:00 DEBUG 342962 --- [rating_punctuality] [http-nio-8080-exec-3] o.s.s.w.session.SessionManagementFilter  : Request requested invalid session id 80CBFBA959CBC3652B35D79C22FB288C
2025-12-03T17:14:18.490+03:00 DEBUG 342962 --- [rating_punctuality] [http-nio-8080-exec-3] o.s.security.web.FilterChainProxy        : Secured GET /airports
2025-12-03T17:14:36.660+03:00 DEBUG 342962 --- [rating_punctuality] [http-nio-8080-exec-4] o.s.security.web.FilterChainProxy        : Securing GET /flights
2025-12-03T17:14:36.661+03:00 DEBUG 342962 --- [rating_punctuality] [http-nio-8080-exec-4] o.s.s.w.a.AnonymousAuthenticationFilter  : Set SecurityContextHolder to anonymous SecurityContext
2025-12-03T17:14:36.661+03:00 DEBUG 342962 --- [rating_punctuality] [http-nio-8080-exec-4] o.s.s.w.session.SessionManagementFilter  : Request requested invalid session id 80CBFBA959CBC3652B35D79C22FB288C
2025-12-03T17:14:36.662+03:00 DEBUG 342962 --- [rating_punctuality] [http-nio-8080-exec-4] o.s.security.web.FilterChainProxy        : Secured GET /flights
2025-12-03T17:14:54.895+03:00 DEBUG 342962 --- [rating_punctuality] [http-nio-8080-exec-6] o.s.security.web.FilterChainProxy        : Securing GET /
2025-12-03T17:14:54.896+03:00 DEBUG 342962 --- [rating_punctuality] [http-nio-8080-exec-6] o.s.s.w.a.AnonymousAuthenticationFilter  : Set SecurityContextHolder to anonymous SecurityContext
2025-12-03T17:14:54.896+03:00 DEBUG 342962 --- [rating_punctuality] [http-nio-8080-exec-6] o.s.s.w.session.SessionManagementFilter  : Request requested invalid session id 80CBFBA959CBC3652B35D79C22FB288C
2025-12-03T17:14:54.896+03:00 DEBUG 342962 --- [rating_punctuality] [http-nio-8080-exec-6] o.s.security.web.FilterChainProxy        : Secured GET /
2025-12-03T17:14:54.901+03:00 DEBUG 342962 --- [rating_punctuality] [http-nio-8080-exec-6] o.s.security.web.FilterChainProxy        : Securing GET /error
2025-12-03T17:14:54.902+03:00 DEBUG 342962 --- [rating_punctuality] [http-nio-8080-exec-6] o.s.security.web.FilterChainProxy        : Secured GET /error
2025-12-03T17:14:54.912+03:00 DEBUG 342962 --- [rating_punctuality] [http-nio-8080-exec-6] o.s.s.w.a.AnonymousAuthenticationFilter  : Set SecurityContextHolder to anonymous SecurityContext
2025-12-03T17:14:58.035+03:00 DEBUG 342962 --- [rating_punctuality] [http-nio-8080-exec-7] o.s.security.web.FilterChainProxy        : Securing GET /meeting
2025-12-03T17:14:58.036+03:00 DEBUG 342962 --- [rating_punctuality] [http-nio-8080-exec-7] o.s.s.w.a.AnonymousAuthenticationFilter  : Set SecurityContextHolder to anonymous SecurityContext
2025-12-03T17:14:58.036+03:00 DEBUG 342962 --- [rating_punctuality] [http-nio-8080-exec-7] o.s.s.w.session.SessionManagementFilter  : Request requested invalid session id 80CBFBA959CBC3652B35D79C22FB288C
2025-12-03T17:14:58.036+03:00 DEBUG 342962 --- [rating_punctuality] [http-nio-8080-exec-7] o.s.security.web.FilterChainProxy        : Secured GET /meeting
2025-12-03T17:14:58.046+03:00 DEBUG 342962 --- [rating_punctuality] [http-nio-8080-exec-7] o.s.security.web.FilterChainProxy        : Securing GET /error
2025-12-03T17:14:58.048+03:00 DEBUG 342962 --- [rating_punctuality] [http-nio-8080-exec-7] o.s.security.web.FilterChainProxy        : Secured GET /error
2025-12-03T17:14:58.056+03:00 DEBUG 342962 --- [rating_punctuality] [http-nio-8080-exec-7] o.s.s.w.a.AnonymousAuthenticationFilter  : Set SecurityContextHolder to anonymous SecurityContext
2025-12-03T17:15:01.237+03:00 DEBUG 342962 --- [rating_punctuality] [http-nio-8080-exec-8] o.s.security.web.FilterChainProxy        : Securing GET /me
2025-12-03T17:15:01.241+03:00 DEBUG 342962 --- [rating_punctuality] [http-nio-8080-exec-8] o.s.s.w.a.AnonymousAuthenticationFilter  : Set SecurityContextHolder to anonymous SecurityContext
2025-12-03T17:15:01.243+03:00 DEBUG 342962 --- [rating_punctuality] [http-nio-8080-exec-8] o.s.s.w.session.SessionManagementFilter  : Request requested invalid session id 80CBFBA959CBC3652B35D79C22FB288C
2025-12-03T17:15:01.246+03:00 DEBUG 342962 --- [rating_punctuality] [http-nio-8080-exec-8] o.s.security.web.FilterChainProxy        : Secured GET /me
2025-12-03T17:15:01.271+03:00 DEBUG 342962 --- [rating_punctuality] [http-nio-8080-exec-8] o.s.security.web.FilterChainProxy        : Securing GET /error
2025-12-03T17:15:01.271+03:00 DEBUG 342962 --- [rating_punctuality] [http-nio-8080-exec-8] o.s.security.web.FilterChainProxy        : Secured GET /error
2025-12-03T17:15:01.286+03:00 DEBUG 342962 --- [rating_punctuality] [http-nio-8080-exec-8] o.s.s.w.a.AnonymousAuthenticationFilter  : Set SecurityContextHolder to anonymous SecurityContext
2025-12-03T17:15:36.648+03:00 DEBUG 342962 --- [rating_punctuality] [http-nio-8080-exec-9] o.s.security.web.FilterChainProxy        : Securing GET /.well-known/appspecific/com.chrome.devtools.json
2025-12-03T17:15:36.649+03:00 DEBUG 342962 --- [rating_punctuality] [http-nio-8080-exec-9] o.s.s.w.a.AnonymousAuthenticationFilter  : Set SecurityContextHolder to anonymous SecurityContext
2025-12-03T17:15:36.650+03:00 DEBUG 342962 --- [rating_punctuality] [http-nio-8080-exec-9] o.s.s.w.session.SessionManagementFilter  : Request requested invalid session id 80CBFBA959CBC3652B35D79C22FB288C
2025-12-03T17:15:36.650+03:00 DEBUG 342962 --- [rating_punctuality] [http-nio-8080-exec-9] o.s.security.web.FilterChainProxy        : Secured GET /.well-known/appspecific/com.chrome.devtools.json
2025-12-03T17:15:36.662+03:00 DEBUG 342962 --- [rating_punctuality] [http-nio-8080-exec-9] o.s.security.web.FilterChainProxy        : Securing GET /error
2025-12-03T17:15:36.663+03:00 DEBUG 342962 --- [rating_punctuality] [http-nio-8080-exec-9] o.s.security.web.FilterChainProxy        : Secured GET /error
2025-12-03T17:15:36.694+03:00 DEBUG 342962 --- [rating_punctuality] [http-nio-8080-exec-9] o.s.s.w.a.AnonymousAuthenticationFilter  : Set SecurityContextHolder to anonymous SecurityContext
2025-12-03T17:15:57.423+03:00 DEBUG 342962 --- [rating_punctuality] [http-nio-8080-exec-10] o.s.security.web.FilterChainProxy        : Securing GET /me
2025-12-03T17:15:57.424+03:00 DEBUG 342962 --- [rating_punctuality] [http-nio-8080-exec-10] o.s.s.w.a.AnonymousAuthenticationFilter  : Set SecurityContextHolder to anonymous SecurityContext
2025-12-03T17:15:57.425+03:00 DEBUG 342962 --- [rating_punctuality] [http-nio-8080-exec-10] o.s.s.w.session.SessionManagementFilter  : Request requested invalid session id 80CBFBA959CBC3652B35D79C22FB288C
2025-12-03T17:15:57.426+03:00 DEBUG 342962 --- [rating_punctuality] [http-nio-8080-exec-10] o.s.security.web.FilterChainProxy        : Secured GET /me
2025-12-03T17:15:57.447+03:00 DEBUG 342962 --- [rating_punctuality] [http-nio-8080-exec-10] o.s.security.web.FilterChainProxy        : Securing GET /error
2025-12-03T17:15:57.449+03:00 DEBUG 342962 --- [rating_punctuality] [http-nio-8080-exec-10] o.s.security.web.FilterChainProxy        : Secured GET /error
2025-12-03T17:15:57.454+03:00 DEBUG 342962 --- [rating_punctuality] [http-nio-8080-exec-10] o.s.s.w.a.AnonymousAuthenticationFilter  : Set SecurityContextHolder to anonymous SecurityContext
2025-12-03T17:15:57.587+03:00 DEBUG 342962 --- [rating_punctuality] [http-nio-8080-exec-1] o.s.security.web.FilterChainProxy        : Securing GET /.well-known/appspecific/com.chrome.devtools.json
2025-12-03T17:15:57.588+03:00 DEBUG 342962 --- [rating_punctuality] [http-nio-8080-exec-1] o.s.s.w.a.AnonymousAuthenticationFilter  : Set SecurityContextHolder to anonymous SecurityContext
2025-12-03T17:15:57.589+03:00 DEBUG 342962 --- [rating_punctuality] [http-nio-8080-exec-1] o.s.s.w.session.SessionManagementFilter  : Request requested invalid session id 80CBFBA959CBC3652B35D79C22FB288C
2025-12-03T17:15:57.589+03:00 DEBUG 342962 --- [rating_punctuality] [http-nio-8080-exec-1] o.s.security.web.FilterChainProxy        : Secured GET /.well-known/appspecific/com.chrome.devtools.json
2025-12-03T17:15:57.595+03:00 DEBUG 342962 --- [rating_punctuality] [http-nio-8080-exec-1] o.s.security.web.FilterChainProxy        : Securing GET /error
2025-12-03T17:15:57.597+03:00 DEBUG 342962 --- [rating_punctuality] [http-nio-8080-exec-1] o.s.security.web.FilterChainProxy        : Secured GET /error
2025-12-03T17:15:57.604+03:00 DEBUG 342962 --- [rating_punctuality] [http-nio-8080-exec-1] o.s.s.w.a.AnonymousAuthenticationFilter  : Set SecurityContextHolder to anonymous SecurityContext
2025-12-03T17:17:55.793+03:00 DEBUG 342962 --- [rating_punctuality] [http-nio-8080-exec-4] o.s.security.web.FilterChainProxy        : Securing GET /api/auth/me
2025-12-03T17:17:55.802+03:00 DEBUG 342962 --- [rating_punctuality] [http-nio-8080-exec-4] o.s.s.w.a.AnonymousAuthenticationFilter  : Set SecurityContextHolder to anonymous SecurityContext
2025-12-03T17:17:55.804+03:00 DEBUG 342962 --- [rating_punctuality] [http-nio-8080-exec-4] o.s.s.w.session.SessionManagementFilter  : Request requested invalid session id 80CBFBA959CBC3652B35D79C22FB288C
2025-12-03T17:17:55.806+03:00 DEBUG 342962 --- [rating_punctuality] [http-nio-8080-exec-4] o.s.security.web.FilterChainProxy        : Secured GET /api/auth/me
